0,1,2,3,4,5,6,7,8,9,10,11,12,13,14,15,16,17,18,19,20,21,22,23,24,25,26,27,28,29,30,31,32,33,34,35,36,37,38,39,40,41,42,43,44,45,46,47,48,49,50,51,52,53,54,55,56,57,58,59,60,61,62,63,64,65,66,67,68,69,70,71,72,73,74,75,76,77,78,79,80,81,82,83,84,85,86,87,88,89,90,91,92,93,94,95,96,97,98,99,100,101,102,103,104,105,106,107,108,109,110,111,112,113,114,115,116,117,118,119,120,121,122,123,124,125,126,127,128,129,130,131,132,133,134,135,136,137,138,139,140,141,142,143,144,145,146,147,148,149,150,151,152,153,154,155,156,157,158,159,160,161,162,163,164,165,166,167,168,169,170,171,172,173,174,175,176,177,178,179,180,181,182,183,184,185,186,187,188,189,190,191,192,193,194,195,196,197,198,199
5.656565656565657,6.383838383838384,5.565656565656566,7.393939393939394,7.05050505050505,7.6767676767676765,7.191919191919192,7.393939393939394,6.929292929292929,5.484848484848484,7.848484848484848,7.262626262626263,5.737373737373738,5.232323232323233,6.232323232323233,5.696969696969697,6.767676767676768,5.555555555555555,6.94949494949495,6.292929292929293,7.515151515151515,7.333333333333333,7.232323232323232,7.454545454545455,7.545454545454545,7.454545454545455,7.575757575757576,7.03030303030303,7.2020202020202015,6.646464646464646,7.101010101010101,7.585858585858586,5.050505050505051,7.525252525252525,5.5353535353535355,7.383838383838384,5.313131313131313,5.747474747474747,7.080808080808081,5.070707070707071,5.080808080808081,6.626262626262626,7.373737373737374,6.090909090909092,6.98989898989899,6.03030303030303,7.252525252525253,5.1313131313131315,5.282828282828282,7.222222222222222,5.262626262626262,5.555555555555555,6.323232323232323,5.444444444444444,5.8989898989899,5.767676767676768,5.888888888888889,7.242424242424242,5.656565656565657,5.747474747474747,7.0,7.585858585858586,7.575757575757576,7.454545454545455,5.757575757575758,5.6060606060606055,6.838383838383838,7.414141414141414,6.838383838383838,7.181818181818182,5.282828282828282,5.979797979797979,6.262626262626263,6.01010101010101,6.03030303030303,5.2727272727272725,7.888888888888888,5.686868686868687,5.707070707070708,6.717171717171717,6.151515151515151,7.97979797979798,8.04040404040404,7.080808080808081,7.686868686868687,8.1010101010101,8.020202020202019,7.94949494949495,7.838383838383839,8.232323232323232,7.232323232323232,6.767676767676768,8.232323232323232,7.525252525252525,7.555555555555555,5.5858585858585865,6.282828282828284,5.757575757575758,8.121212121212121,8.131313131313131,7.161616161616161,7.707070707070707,8.181818181818182,6.272727272727273,8.05050505050505,5.454545454545454,5.454545454545454,7.363636363636363,5.474747474747474,7.0,8.232323232323232,6.03030303030303,6.454545454545455,8.353535353535355,8.262626262626263,7.94949494949495,5.616161616161616,8.181818181818182,5.7272727272727275,8.373737373737374,5.4646464646464645,8.373737373737374,5.656565656565657,8.151515151515152,6.484848484848484,5.505050505050505,7.737373737373737,5.484848484848484,7.151515151515152,8.11111111111111,6.7979797979797985,8.303030303030303,5.454545454545454,7.121212121212121,5.858585858585858,8.1010101010101,7.0101010101010095,6.121212121212121,8.121212121212121,8.292929292929292,8.161616161616163,8.323232323232324,7.393939393939394,5.575757575757576,6.848484848484848,6.323232323232323,6.171717171717171,7.767676767676768,5.848484848484849,8.242424242424242,8.222222222222221,6.9393939393939394,8.171717171717173,8.181818181818182,5.545454545454546,8.242424242424242,5.6060606060606055,7.888888888888888,7.8686868686868685,8.171717171717173,7.101010101010101,8.232323232323232,7.242424242424242,5.858585858585858,6.575757575757576,6.505050505050505,8.262626262626263,5.5353535353535355,8.2020202020202,7.606060606060606,8.080808080808081,7.464646464646465,7.454545454545455,6.666666666666666,6.717171717171717,6.3939393939393945,7.212121212121212,6.373737373737374,7.373737373737374,7.141414141414142,6.454545454545455,7.3434343434343425,6.5353535353535355,5.5858585858585865,7.858585858585858,8.282828282828284,6.151515151515151,6.515151515151515,6.080808080808081,6.0,5.494949494949495,7.141414141414142,5.949494949494949,7.808080808080808,6.222222222222222,5.92929292929293,8.121212121212121,5.5353535353535355,5.525252525252525,8.11111111111111
5.777777777777777,7.333333333333333,7.292929292929293,7.3434343434343425,7.545454545454545,7.484848484848485,7.525252525252525,5.434343434343434,7.555555555555555,5.3939393939393945,7.6565656565656575,5.292929292929292,7.818181818181818,7.7979797979797985,5.767676767676768,6.575757575757576,5.636363636363636,6.101010101010101,6.7979797979797985,7.0606060606060606,7.191919191919192,5.373737373737374,5.080808080808081,5.03030303030303,7.454545454545455,5.020202020202021,5.121212121212121,5.525252525252525,7.222222222222222,7.333333333333333,7.565656565656566,6.434343434343434,5.313131313131313,7.242424242424242,5.5858585858585865,7.555555555555555,7.080808080808081,7.353535353535353,7.04040404040404,7.707070707070707,6.858585858585858,5.232323232323233,5.252525252525253,6.151515151515151,7.232323232323232,5.262626262626262,5.292929292929292,7.171717171717171,6.313131313131313,5.6060606060606055,6.8181818181818175,6.5353535353535355,7.353535353535353,5.161616161616162,5.636363636363636,6.666666666666666,5.878787878787879,5.666666666666666,5.3939393939393945,5.292929292929292,7.424242424242424,4.98989898989899,5.555555555555555,5.03030303030303,6.929292929292929,6.878787878787879,5.545454545454546,5.515151515151516,4.959595959595959,4.9393939393939394,7.484848484848485,5.838383838383838,6.292929292929293,5.949494949494949,5.949494949494949,6.404040404040404,5.01010101010101,6.070707070707071,6.909090909090909,5.848484848484849,7.929292929292929,6.747474747474747,5.777777777777777,7.818181818181818,8.171717171717173,5.616161616161616,6.111111111111112,5.575757575757576,5.5858585858585865,6.262626262626263,7.181818181818182,7.878787878787879,5.626262626262626,7.535353535353535,5.656565656565657,7.383838383838384,8.282828282828284,7.292929292929293,5.494949494949495,5.484848484848484,6.444444444444445,5.505050505050505,5.505050505050505,7.393939393939394,8.232323232323232,8.313131313131313,7.717171717171717,8.343434343434344,8.252525252525253,7.0606060606060606,5.494949494949495,8.191919191919192,8.333333333333334,7.404040404040404,5.454545454545454,7.787878787878788,5.92929292929293,5.656565656565657,8.363636363636363,5.98989898989899,5.828282828282828,7.070707070707071,6.8181818181818175,8.161616161616163,6.414141414141414,5.484848484848484,6.080808080808081,7.242424242424242,5.5353535353535355,8.181818181818182,6.878787878787879,8.323232323232324,8.343434343434344,8.191919191919192,7.2020202020202015,8.373737373737374,7.9393939393939394,7.696969696969696,5.707070707070708,7.95959595959596,7.707070707070707,5.626262626262626,5.515151515151516,5.797979797979798,6.828282828282828,6.303030303030303,5.808080808080808,5.767676767676768,5.888888888888889,7.636363636363637,7.717171717171717,6.02020202020202,7.737373737373737,6.090909090909092,7.3434343434343425,8.04040404040404,6.878787878787879,7.888888888888888,8.212121212121211,8.171717171717173,7.505050505050504,6.848484848484848,5.5353535353535355,8.222222222222221,5.767676767676768,7.252525252525253,5.555555555555555,6.95959595959596,5.828282828282828,8.121212121212121,5.747474747474747,7.484848484848485,7.2020202020202015,6.555555555555555,7.393939393939394,6.383838383838384,7.252525252525253,6.424242424242425,7.272727272727273,7.121212121212121,6.808080808080809,6.404040404040404,6.787878787878788,8.1010101010101,5.959595959595959,6.848484848484848,8.262626262626263,5.949494949494949,5.545454545454546,7.525252525252525,5.616161616161616,7.111111111111112,8.282828282828284,7.787878787878788,6.343434343434343,5.5353535353535355,8.131313131313131,6.101010101010101,7.909090909090909,8.09090909090909
7.161616161616161,7.525252525252525,7.494949494949496,7.333333333333333,5.888888888888889,5.717171717171717,5.777777777777777,6.515151515151515,5.818181818181818,5.222222222222222,7.636363636363637,5.2727272727272725,6.828282828282828,5.313131313131313,7.626262626262626,5.5858585858585865,6.454545454545455,6.828282828282828,5.5858585858585865,5.2727272727272725,7.575757575757576,5.121212121212121,7.585858585858586,7.424242424242424,5.080808080808081,5.474747474747474,7.444444444444445,5.01010101010101,7.161616161616161,6.7272727272727275,6.555555555555555,5.515151515151516,5.666666666666666,7.595959595959596,5.292929292929292,7.606060606060606,7.292929292929293,6.97979797979798,7.6565656565656575,7.686868686868687,6.888888888888889,5.252525252525253,7.222222222222222,5.636363636363636,5.737373737373738,6.404040404040404,5.767676767676768,5.1010101010101,5.242424242424243,5.6767676767676765,5.737373737373738,7.0,7.191919191919192,6.141414141414141,5.363636363636363,6.686868686868687,6.6767676767676765,6.8181818181818175,6.656565656565656,7.262626262626263,7.303030303030304,5.282828282828282,5.595959595959597,7.444444444444445,5.575757575757576,5.020202020202021,6.767676767676768,4.959595959595959,5.545454545454546,7.474747474747475,4.828282828282829,5.848484848484849,5.909090909090909,5.91919191919192,7.383838383838384,7.0606060606060606,8.04040404040404,6.808080808080809,5.686868686868687,6.666666666666666,8.09090909090909,6.848484848484848,6.05050505050505,6.01010101010101,5.626262626262626,7.414141414141414,7.6565656565656575,7.7979797979797985,5.626262626262626,7.333333333333333,6.9393939393939394,6.040404040404041,7.292929292929293,7.575757575757576,7.9393939393939394,8.11111111111111,5.555555555555555,7.757575757575758,8.131313131313131,7.777777777777778,8.333333333333334,8.353535353535355,5.737373737373738,8.333333333333334,7.686868686868687,8.333333333333334,6.202020202020202,7.919191919191919,5.909090909090909,5.636363636363636,5.636363636363636,7.808080808080808,6.0606060606060606,8.191919191919192,5.969696969696969,7.818181818181818,5.636363636363636,8.404040404040403,5.494949494949495,6.141414141414141,7.808080808080808,7.97979797979798,5.969696969696969,7.787878787878788,7.141414141414142,5.474747474747474,6.333333333333333,6.343434343434343,8.131313131313131,8.393939393939394,5.565656565656566,6.414141414141414,5.474747474747474,8.373737373737374,5.444444444444444,5.484848484848484,5.505050505050505,7.666666666666667,6.858585858585858,5.878787878787879,8.11111111111111,8.292929292929292,8.313131313131313,7.696969696969696,6.757575757575758,5.91919191919192,7.242424242424242,7.96969696969697,7.393939393939394,7.606060606060606,8.212121212121211,5.747474747474747,8.191919191919192,5.565656565656566,8.252525252525253,8.05050505050505,8.09090909090909,5.696969696969697,5.595959595959597,5.565656565656566,6.383838383838384,8.1010101010101,5.91919191919192,7.606060606060606,5.767676767676768,7.767676767676768,8.131313131313131,7.94949494949495,7.282828282828283,5.828282828282828,6.040404040404041,6.6767676767676765,6.333333333333333,6.363636363636363,7.393939393939394,6.363636363636363,6.767676767676768,7.282828282828283,7.292929292929293,7.282828282828283,6.565656565656566,7.111111111111112,7.232323232323232,8.020202020202019,7.8686868686868685,6.7272727272727275,8.03030303030303,7.898989898989899,7.767676767676768,7.585858585858586,6.0,6.02020202020202,8.0,5.9393939393939394,5.777777777777777,8.272727272727273,7.838383838383839,8.151515151515152,7.2020202020202015,8.1010101010101
5.696969696969697,5.555555555555555,7.262626262626263,6.606060606060606,5.888888888888889,7.313131313131313,5.7272727272727275,7.494949494949496,7.212121212121212,6.636363636363637,7.262626262626263,7.404040404040404,7.646464646464647,5.646464646464646,6.787878787878788,6.262626262626263,5.858585858585858,6.858585858585858,6.555555555555555,7.353535353535353,5.414141414141414,5.363636363636363,7.585858585858586,5.050505050505051,5.181818181818182,5.303030303030303,5.191919191919192,5.0,5.151515151515151,7.575757575757576,6.575757575757576,7.070707070707071,7.3232323232323235,7.585858585858586,5.616161616161616,7.333333333333333,7.272727272727273,5.959595959595959,7.666666666666667,6.383838383838384,5.212121212121213,5.636363636363636,6.828282828282828,7.080808080808081,7.232323232323232,7.232323232323232,5.757575757575758,7.3434343434343425,6.353535353535353,7.303030303030304,5.494949494949495,5.232323232323233,6.95959595959596,7.303030303030304,5.595959595959597,7.2020202020202015,6.636363636363637,6.838383838383838,6.8686868686868685,7.232323232323232,6.696969696969697,5.696969696969697,7.484848484848485,7.242424242424242,7.535353535353535,7.464646464646465,4.98989898989899,5.414141414141414,5.404040404040405,6.898989898989899,4.838383838383838,6.383838383838384,6.303030303030303,6.373737373737374,4.767676767676768,5.09090909090909,5.515151515151516,5.646464646464646,6.8686868686868685,8.11111111111111,7.686868686868687,6.8686868686868685,6.05050505050505,5.666666666666666,7.404040404040404,5.8989898989899,7.181818181818182,8.2020202020202,8.171717171717173,6.141414141414141,7.434343434343434,6.666666666666666,5.5858585858585865,7.95959595959596,5.666666666666666,5.626262626262626,5.515151515151516,5.515151515151516,8.313131313131313,6.414141414141414,5.757575757575758,8.121212121212121,7.747474747474747,6.090909090909092,5.808080808080808,5.838383838383838,7.95959595959596,6.373737373737374,7.909090909090909,5.91919191919192,7.808080808080808,5.474747474747474,8.343434343434344,7.424242424242424,6.181818181818182,6.323232323232323,6.95959595959596,7.0606060606060606,6.191919191919192,6.161616161616161,8.353535353535355,6.565656565656566,5.979797979797979,5.505050505050505,7.757575757575758,7.242424242424242,5.434343434343434,8.181818181818182,7.808080808080808,5.969696969696969,5.626262626262626,7.242424242424242,8.343434343434344,5.656565656565657,7.787878787878788,6.434343434343434,7.303030303030304,5.454545454545454,6.91919191919192,5.959595959595959,7.191919191919192,7.858585858585858,5.8686868686868685,5.575757575757576,8.242424242424242,7.888888888888888,8.080808080808081,7.787878787878788,8.232323232323232,7.3434343434343425,5.636363636363636,8.191919191919192,7.898989898989899,8.262626262626263,7.282828282828283,7.090909090909091,5.7272727272727275,7.818181818181818,5.555555555555555,7.474747474747475,6.090909090909092,6.8686868686868685,8.242424242424242,5.838383838383838,7.9393939393939394,8.222222222222221,5.808080808080808,6.858585858585858,5.91919191919192,8.272727272727273,5.5353535353535355,6.262626262626263,7.3232323232323235,6.5858585858585865,6.3939393939393945,7.333333333333333,7.383838383838384,6.626262626262626,6.848484848484848,6.616161616161617,7.262626262626263,6.5353535353535355,7.333333333333333,8.242424242424242,8.141414141414142,5.555555555555555,5.838383838383838,7.757575757575758,5.767676767676768,6.181818181818182,6.373737373737374,5.555555555555555,7.464646464646465,8.222222222222221,5.545454545454546,7.434343434343434,8.151515151515152,5.505050505050505,8.282828282828284,6.5353535353535355
6.080808080808081,6.242424242424242,5.545454545454546,6.242424242424242,5.8989898989899,5.474747474747474,5.282828282828282,7.3232323232323235,5.242424242424243,6.646464646464646,5.474747474747474,5.222222222222222,7.666666666666667,5.484848484848484,6.777777777777779,6.878787878787879,6.686868686868687,6.828282828282828,5.656565656565657,7.05050505050505,6.575757575757576,5.1313131313131315,6.212121212121212,5.0606060606060606,5.161616161616162,7.282828282828283,5.181818181818182,6.95959595959596,7.252525252525253,5.6767676767676765,5.353535353535354,5.01010101010101,5.070707070707071,7.191919191919192,7.646464646464647,5.121212121212121,5.373737373737374,5.565656565656566,5.343434343434343,5.141414141414141,5.525252525252525,7.070707070707071,5.242424242424243,5.636363636363636,5.252525252525253,5.242424242424243,5.545454545454546,5.424242424242425,5.252525252525253,7.0606060606060606,6.91919191919192,5.595959595959597,7.141414141414142,7.161616161616161,5.222222222222222,6.6767676767676765,7.141414141414142,7.121212121212121,7.1313131313131315,5.202020202020202,5.717171717171717,5.555555555555555,6.777777777777779,6.9393939393939394,7.252525252525253,7.575757575757576,7.545454545454545,4.91919191919192,4.959595959595959,7.555555555555555,6.8686868686868685,5.878787878787879,5.92929292929293,6.3939393939393945,6.444444444444445,7.0606060606060606,8.161616161616163,5.636363636363636,7.636363636363637,5.646464646464646,8.121212121212121,7.94949494949495,6.01010101010101,8.11111111111111,7.414141414141414,6.161616161616161,7.686868686868687,6.02020202020202,8.171717171717173,7.555555555555555,6.575757575757576,5.575757575757576,6.323232323232323,5.626262626262626,5.6060606060606055,7.404040404040404,6.313131313131313,5.515151515151516,5.525252525252525,6.0606060606060606,5.474747474747474,5.494949494949495,5.454545454545454,8.191919191919192,5.767676767676768,7.606060606060606,5.4646464646464645,7.919191919191919,5.4646464646464645,7.96969696969697,6.787878787878788,6.01010101010101,6.383838383838384,5.505050505050505,5.454545454545454,8.303030303030303,8.232323232323232,5.656565656565657,8.191919191919192,5.444444444444444,5.484848484848484,7.96969696969697,5.454545454545454,8.191919191919192,5.474747474747474,5.757575757575758,8.404040404040403,5.505050505050505,7.090909090909091,7.858585858585858,5.949494949494949,5.454545454545454,7.666666666666667,5.636363636363636,5.797979797979798,5.444444444444444,7.808080808080808,8.222222222222221,5.5353535353535355,5.505050505050505,8.03030303030303,7.888888888888888,8.232323232323232,5.838383838383838,7.787878787878788,5.575757575757576,8.232323232323232,8.232323232323232,5.616161616161616,5.565656565656566,5.5858585858585865,5.696969696969697,7.8686868686868685,5.555555555555555,5.545454545454546,8.272727272727273,5.737373737373738,7.828282828282829,8.2020202020202,6.171717171717171,6.131313131313131,8.232323232323232,8.181818181818182,5.575757575757576,6.888888888888889,8.212121212121211,8.252525252525253,8.212121212121211,5.5858585858585865,6.292929292929293,5.626262626262626,7.292929292929293,6.545454545454545,6.525252525252525,7.262626262626263,6.373737373737374,6.444444444444445,7.373737373737374,6.414141414141414,6.424242424242425,6.545454545454545,6.545454545454545,7.232323232323232,8.252525252525253,7.909090909090909,5.666666666666666,5.797979797979798,5.848484848484849,7.919191919191919,7.95959595959596,5.525252525252525,5.515151515151516,5.525252525252525,5.92929292929293,5.4646464646464645,7.717171717171717,8.161616161616163,5.505050505050505,5.494949494949495,8.04040404040404
7.282828282828283,5.7272727272727275,7.121212121212121,7.292929292929293,7.757575757575758,7.767676767676768,7.181818181818182,5.262626262626262,7.090909090909091,5.373737373737374,7.828282828282829,6.151515151515151,7.252525252525253,5.626262626262626,7.282828282828283,5.656565656565657,5.525252525252525,6.696969696969697,6.929292929292929,5.111111111111111,5.949494949494949,6.808080808080809,7.454545454545455,6.94949494949495,5.080808080808081,5.03030303030303,7.282828282828283,4.979797979797979,7.151515151515152,5.555555555555555,7.555555555555555,6.474747474747474,5.646464646464646,5.1010101010101,5.91919191919192,7.03030303030303,6.363636363636363,7.262626262626263,7.04040404040404,6.3939393939393945,7.464646464646465,5.232323232323233,5.747474747474747,7.464646464646465,5.282828282828282,6.232323232323233,7.454545454545455,7.626262626262626,5.686868686868687,7.222222222222222,7.05050505050505,7.353535353535353,7.151515151515152,4.959595959595959,5.292929292929292,5.414141414141414,6.878787878787879,6.636363636363637,6.8181818181818175,6.8181818181818175,7.525252525252525,6.969696969696971,7.575757575757576,7.444444444444445,5.303030303030303,7.434343434343434,5.202020202020202,7.505050505050504,5.252525252525253,5.555555555555555,5.202020202020202,5.828282828282828,6.161616161616161,5.949494949494949,4.858585858585859,6.3939393939393945,5.6767676767676765,6.828282828282828,7.95959595959596,7.636363636363637,6.121212121212121,7.848484848484848,7.737373737373737,5.5858585858585865,8.151515151515152,5.5858585858585865,6.090909090909092,7.767676767676768,7.303030303030304,6.202020202020202,7.444444444444445,8.191919191919192,7.333333333333333,5.888888888888889,7.555555555555555,7.96969696969697,7.363636363636363,7.6767676767676765,7.232323232323232,6.454545454545455,7.171717171717171,5.454545454545454,8.141414141414142,7.353535353535353,7.474747474747475,5.4646464646464645,7.929292929292929,5.888888888888889,8.242424242424242,8.323232323232324,8.01010101010101,7.787878787878788,5.434343434343434,7.414141414141414,6.141414141414141,5.484848484848484,5.595959595959597,5.484848484848484,6.222222222222222,8.04040404040404,5.808080808080808,5.626262626262626,5.92929292929293,8.181818181818182,8.121212121212121,8.121212121212121,7.272727272727273,8.161616161616163,5.656565656565657,8.383838383838384,8.0,7.96969696969697,8.323232323232324,8.181818181818182,6.232323232323233,6.464646464646465,8.333333333333334,5.494949494949495,7.9393939393939394,7.595959595959596,6.090909090909092,7.929292929292929,5.525252525252525,6.090909090909092,7.888888888888888,5.888888888888889,5.555555555555555,5.555555555555555,7.9393939393939394,7.646464646464647,5.575757575757576,7.0,8.171717171717173,7.606060606060606,8.252525252525253,6.05050505050505,7.696969696969696,8.141414141414142,7.373737373737374,5.545454545454546,8.020202020202019,6.01010101010101,5.595959595959597,5.575757575757576,5.565656565656566,6.313131313131313,5.5858585858585865,5.636363636363636,5.91919191919192,7.262626262626263,6.02020202020202,6.212121212121212,6.565656565656566,6.373737373737374,7.080808080808081,7.313131313131313,7.222222222222222,6.373737373737374,6.565656565656566,7.1313131313131315,7.363636363636363,6.595959595959596,6.5353535353535355,8.05050505050505,5.8989898989899,6.5858585858585865,8.06060606060606,7.444444444444445,6.757575757575758,5.575757575757576,8.272727272727273,7.838383838383839,5.828282828282828,6.464646464646465,6.040404040404041,5.515151515151516,5.6060606060606055,5.515151515151516,5.777777777777777,8.282828282828284
6.555555555555555,7.515151515151515,7.252525252525253,5.242424242424243,7.747474747474747,6.272727272727273,7.090909090909091,7.494949494949496,7.555555555555555,7.494949494949496,7.818181818181818,7.424242424242424,5.616161616161616,7.747474747474747,5.333333333333333,7.05050505050505,7.97979797979798,5.656565656565657,6.5353535353535355,6.5353535353535355,7.242424242424242,7.272727272727273,5.181818181818182,5.313131313131313,5.474747474747474,6.969696969696971,7.090909090909091,5.292929292929292,5.171717171717171,7.555555555555555,6.454545454545455,7.070707070707071,7.626262626262626,6.161616161616161,5.282828282828282,7.353535353535353,5.696969696969697,6.94949494949495,7.424242424242424,5.505050505050505,6.95959595959596,6.282828282828284,7.464646464646465,5.282828282828282,6.888888888888889,7.080808080808081,5.757575757575758,5.343434343434343,7.262626262626263,6.848484848484848,5.202020202020202,5.333333333333333,6.252525252525253,6.262626262626263,5.252525252525253,7.212121212121212,7.121212121212121,6.616161616161617,5.434343434343434,5.686868686868687,5.5858585858585865,6.737373737373737,7.313131313131313,7.505050505050504,7.262626262626263,5.515151515151516,5.4646464646464645,5.414141414141414,5.2727272727272725,6.878787878787879,7.383838383838384,5.818181818181818,6.101010101010101,5.909090909090909,7.393939393939394,5.808080808080808,8.05050505050505,6.05050505050505,5.717171717171717,6.656565656565656,7.929292929292929,5.858585858585858,6.03030303030303,8.151515151515152,6.111111111111112,7.393939393939394,7.121212121212121,6.040404040404041,6.353535353535353,7.606060606060606,6.525252525252525,5.6060606060606055,8.222222222222221,8.2020202020202,5.878787878787879,6.161616161616161,5.767676767676768,6.111111111111112,5.5353535353535355,8.09090909090909,7.747474747474747,8.323232323232324,6.05050505050505,5.505050505050505,5.4646464646464645,8.01010101010101,6.222222222222222,5.737373737373738,5.555555555555555,5.909090909090909,5.4646464646464645,6.01010101010101,6.383838383838384,7.414141414141414,8.353535353535355,7.313131313131313,5.626262626262626,5.717171717171717,8.353535353535355,6.141414141414141,5.818181818181818,6.565656565656566,7.848484848484848,7.777777777777778,5.474747474747474,5.707070707070708,6.333333333333333,8.161616161616163,6.525252525252525,5.494949494949495,6.686868686868687,5.444444444444444,5.484848484848484,5.494949494949495,7.424242424242424,5.696969696969697,6.292929292929293,8.161616161616163,6.01010101010101,5.505050505050505,6.080808080808081,7.0606060606060606,8.232323232323232,7.171717171717171,8.131313131313131,5.565656565656566,7.666666666666667,6.02020202020202,8.171717171717173,5.626262626262626,7.727272727272727,5.979797979797979,5.565656565656566,5.555555555555555,5.525252525252525,6.545454545454545,6.696969696969697,7.858585858585858,5.575757575757576,8.252525252525253,5.797979797979798,8.11111111111111,6.262626262626263,7.616161616161616,7.929292929292929,8.252525252525253,6.151515151515151,8.09090909090909,5.545454545454546,5.545454545454546,8.11111111111111,6.626262626262626,6.343434343434343,7.181818181818182,6.626262626262626,7.373737373737374,7.232323232323232,6.575757575757576,6.828282828282828,6.414141414141414,7.272727272727273,7.3232323232323235,6.98989898989899,5.595959595959597,7.575757575757576,8.262626262626263,5.575757575757576,7.909090909090909,5.525252525252525,6.141414141414141,5.555555555555555,5.565656565656566,7.6565656565656575,7.161616161616161,6.545454545454545,7.525252525252525,8.272727272727273,6.111111111111112,5.5353535353535355,7.0
5.818181818181818,6.181818181818182,5.6060606060606055,6.696969696969697,6.98989898989899,5.4646464646464645,7.101010101010101,7.313131313131313,5.242424242424243,7.353535353535353,5.282828282828282,5.212121212121213,6.898989898989899,5.505050505050505,6.02020202020202,6.878787878787879,6.969696969696971,6.909090909090909,5.797979797979798,7.313131313131313,5.0606060606060606,5.161616161616162,6.343434343434343,7.474747474747475,7.444444444444445,7.292929292929293,5.202020202020202,6.909090909090909,7.292929292929293,5.5858585858585865,5.3939393939393945,4.98989898989899,5.070707070707071,7.505050505050504,7.434343434343434,5.121212121212121,7.363636363636363,5.5858585858585865,5.070707070707071,7.686868686868687,5.525252525252525,7.0606060606060606,5.696969696969697,5.6767676767676765,7.191919191919192,5.2727272727272725,5.777777777777777,5.454545454545454,5.1010101010101,7.04040404040404,6.909090909090909,5.5858585858585865,5.414141414141414,7.454545454545455,5.737373737373738,6.6767676767676765,6.606060606060606,7.191919191919192,7.151515151515152,7.373737373737374,6.929292929292929,5.646464646464646,5.03030303030303,7.525252525252525,5.01010101010101,5.020202020202021,6.7979797979797985,5.545454545454546,4.94949494949495,5.222222222222222,6.646464646464646,6.191919191919192,6.191919191919192,6.282828282828284,4.858585858585859,4.979797979797979,5.575757575757576,6.7979797979797985,8.11111111111111,5.656565656565657,6.888888888888889,7.6565656565656575,8.05050505050505,5.5858585858585865,7.424242424242424,7.636363636363637,6.131313131313131,7.757575757575758,7.7979797979797985,6.191919191919192,5.6060606060606055,8.222222222222221,5.616161616161616,5.888888888888889,5.909090909090909,7.383838383838384,8.282828282828284,6.323232323232323,7.262626262626263,6.424242424242425,8.141414141414142,5.484848484848484,8.161616161616163,5.767676767676768,6.131313131313131,5.787878787878787,7.929292929292929,5.8686868686868685,7.898989898989899,6.636363636363637,8.141414141414142,6.565656565656566,6.373737373737374,5.474747474747474,6.151515151515151,7.838383838383839,5.6060606060606055,8.121212121212121,5.454545454545454,7.616161616161616,7.808080808080808,6.606060606060606,5.9393939393939394,8.343434343434344,8.131313131313131,8.121212121212121,6.070707070707071,5.494949494949495,8.383838383838384,8.1010101010101,8.212121212121211,5.505050505050505,5.757575757575758,7.848484848484848,5.8686868686868685,8.343434343434344,5.787878787878787,5.525252525252525,8.151515151515152,5.848484848484849,8.252525252525253,7.909090909090909,5.525252525252525,8.09090909090909,7.888888888888888,5.8989898989899,6.101010101010101,5.5858585858585865,5.595959595959597,8.09090909090909,7.919191919191919,7.0101010101010095,7.646464646464647,6.111111111111112,7.262626262626263,8.232323232323232,6.888888888888889,7.808080808080808,5.6060606060606055,5.555555555555555,6.525252525252525,5.707070707070708,5.555555555555555,5.828282828282828,5.5353535353535355,5.888888888888889,5.565656565656566,5.717171717171717,7.878787878787879,5.808080808080808,6.757575757575758,6.252525252525253,7.292929292929293,6.545454545454545,7.2020202020202015,7.0,7.2020202020202015,6.373737373737374,6.424242424242425,6.494949494949495,7.393939393939394,7.393939393939394,6.464646464646465,6.070707070707071,7.616161616161616,5.6060606060606055,5.555555555555555,8.232323232323232,8.242424242424242,8.020202020202019,8.242424242424242,6.808080808080809,6.131313131313131,8.262626262626263,7.767676767676768,7.616161616161616,7.0606060606060606,5.515151515151516,7.717171717171717,6.646464646464646
7.3232323232323235,5.92929292929293,7.181818181818182,7.303030303030304,5.292929292929292,7.515151515151515,5.6060606060606055,5.2727272727272725,7.151515151515152,5.404040404040405,5.808080808080808,6.232323232323233,7.565656565656566,6.202020202020202,7.818181818181818,7.212121212121212,5.808080808080808,6.121212121212121,7.0,5.141414141414141,6.040404040404041,6.8686868686868685,7.373737373737374,6.878787878787879,5.0606060606060606,5.01010101010101,7.3434343434343425,5.03030303030303,7.121212121212121,5.282828282828282,7.585858585858586,7.373737373737374,5.686868686868687,5.181818181818182,7.111111111111112,5.696969696969697,6.313131313131313,7.282828282828283,7.141414141414142,5.161616161616162,7.434343434343434,5.232323232323233,5.575757575757576,7.444444444444445,5.252525252525253,6.292929292929293,7.454545454545455,7.616161616161616,5.5353535353535355,5.222222222222222,7.03030303030303,7.373737373737374,7.353535353535353,5.040404040404041,7.262626262626263,5.636363636363636,5.525252525252525,5.303030303030303,7.151515151515152,5.232323232323233,6.686868686868687,5.565656565656566,5.525252525252525,5.050505050505051,5.303030303030303,6.909090909090909,5.484848484848484,4.94949494949495,5.545454545454546,6.878787878787879,4.8686868686868685,5.878787878787879,5.91919191919192,6.121212121212121,5.111111111111111,7.464646464646465,6.646464646464646,5.737373737373738,6.747474747474747,7.909090909090909,7.848484848484848,6.7979797979797985,6.646464646464646,7.171717171717171,6.232323232323233,6.202020202020202,8.01010101010101,6.717171717171717,6.505050505050505,6.838383838383838,8.01010101010101,7.0101010101010095,8.212121212121211,7.919191919191919,6.181818181818182,5.6060606060606055,7.6565656565656575,5.505050505050505,6.383838383838384,6.434343434343434,6.424242424242425,8.161616161616163,6.080808080808081,7.696969696969696,7.686868686868687,8.0,5.494949494949495,7.848484848484848,5.505050505050505,5.434343434343434,5.6767676767676765,6.01010101010101,6.373737373737374,8.353535353535355,7.606060606060606,5.747474747474747,8.020202020202019,6.545454545454545,7.424242424242424,8.292929292929292,5.505050505050505,5.616161616161616,7.818181818181818,7.818181818181818,5.474747474747474,5.494949494949495,8.1010101010101,7.191919191919192,5.484848484848484,5.515151515151516,5.959595959595959,5.757575757575758,5.4646464646464645,5.525252525252525,8.373737373737374,6.01010101010101,5.444444444444444,5.434343434343434,5.959595959595959,7.636363636363637,6.464646464646465,7.898989898989899,8.2020202020202,6.070707070707071,5.686868686868687,7.929292929292929,6.505050505050505,8.222222222222221,8.232323232323232,5.5858585858585865,8.232323232323232,5.969696969696969,8.191919191919192,5.555555555555555,8.242424242424242,5.555555555555555,6.777777777777779,6.01010101010101,7.6565656565656575,8.232323232323232,5.767676767676768,8.141414141414142,5.626262626262626,5.5858585858585865,8.232323232323232,7.686868686868687,7.666666666666667,8.1010101010101,6.232323232323233,6.414141414141414,7.9393939393939394,7.262626262626263,7.181818181818182,6.9393939393939394,6.474747474747474,7.3232323232323235,7.353535353535353,7.3434343434343425,7.313131313131313,7.373737373737374,6.383838383838384,7.313131313131313,7.181818181818182,5.7272727272727275,5.616161616161616,7.828282828282829,8.272727272727273,7.535353535353535,5.656565656565657,6.363636363636363,8.262626262626263,7.828282828282829,8.303030303030303,5.878787878787879,7.02020202020202,5.828282828282828,5.636363636363636,5.484848484848484,5.545454545454546,5.5353535353535355
6.595959595959596,7.515151515151515,7.252525252525253,5.262626262626262,7.262626262626263,7.272727272727273,7.737373737373737,6.575757575757576,7.181818181818182,7.505050505050504,7.818181818181818,7.434343434343434,5.2727272727272725,7.707070707070707,5.303030303030303,6.97979797979798,5.8989898989899,5.848484848484849,5.757575757575758,5.5858585858585865,7.191919191919192,7.252525252525253,5.121212121212121,5.292929292929292,5.474747474747474,7.070707070707071,7.090909090909091,7.535353535353535,5.03030303030303,7.575757575757576,6.414141414141414,7.04040404040404,7.595959595959596,5.505050505050505,5.070707070707071,7.454545454545455,5.717171717171717,6.9393939393939394,6.888888888888889,5.5353535353535355,5.6060606060606055,7.272727272727273,7.454545454545455,5.212121212121213,5.797979797979798,7.303030303030304,5.696969696969697,5.303030303030303,7.080808080808081,6.656565656565656,5.191919191919192,5.333333333333333,6.232323232323233,5.525252525252525,5.232323232323233,7.252525252525253,5.333333333333333,6.838383838383838,7.151515151515152,7.393939393939394,7.393939393939394,5.0,5.292929292929292,7.515151515151515,7.464646464646465,5.565656565656566,7.444444444444445,6.808080808080809,7.181818181818182,5.313131313131313,5.161616161616162,6.242424242424242,6.424242424242425,6.414141414141414,6.969696969696971,4.94949494949495,6.91919191919192,6.040404040404041,7.818181818181818,7.646464646464647,5.888888888888889,8.080808080808081,7.757575757575758,6.444444444444445,7.242424242424242,8.070707070707071,6.080808080808081,7.808080808080808,6.9393939393939394,7.484848484848485,6.6767676767676765,7.05050505050505,5.959595959595959,6.202020202020202,8.1010101010101,7.616161616161616,6.111111111111112,8.05050505050505,8.141414141414142,8.11111111111111,6.05050505050505,5.4646464646464645,8.080808080808081,7.393939393939394,7.494949494949496,8.020202020202019,7.95959595959596,5.484848484848484,8.303030303030303,8.242424242424242,5.555555555555555,7.767676767676768,8.343434343434344,6.111111111111112,7.6565656565656575,5.858585858585858,8.373737373737374,6.454545454545455,8.09090909090909,5.454545454545454,7.8686868686868685,5.4646464646464645,6.828282828282828,7.05050505050505,6.02020202020202,5.434343434343434,5.696969696969697,6.414141414141414,5.444444444444444,6.91919191919192,7.858585858585858,5.474747474747474,7.444444444444445,7.828282828282829,7.575757575757576,7.7979797979797985,5.474747474747474,5.434343434343434,7.838383838383839,6.151515151515151,7.111111111111112,5.909090909090909,5.525252525252525,8.04040404040404,6.646464646464646,8.191919191919192,7.070707070707071,5.555555555555555,7.565656565656566,8.04040404040404,6.03030303030303,7.05050505050505,5.92929292929293,7.474747474747475,5.545454545454546,8.242424242424242,7.02020202020202,7.808080808080808,5.575757575757576,5.575757575757576,8.03030303030303,5.707070707070708,7.434343434343434,6.313131313131313,5.636363636363636,5.5858585858585865,5.525252525252525,5.717171717171717,5.6060606060606055,6.111111111111112,7.818181818181818,7.474747474747475,6.5858585858585865,6.414141414141414,7.373737373737374,6.969696969696971,7.363636363636363,7.151515151515152,6.767676767676768,6.616161616161617,7.2020202020202015,7.282828282828283,7.03030303030303,8.272727272727273,7.434343434343434,7.8686868686868685,6.575757575757576,5.5353535353535355,6.0,7.9898989898989905,5.5353535353535355,5.505050505050505,6.151515151515151,8.262626262626263,8.080808080808081,8.282828282828284,6.555555555555555,6.101010101010101,5.515151515151516,5.505050505050505
5.6767676767676765,6.141414141414141,5.545454545454546,7.555555555555555,7.454545454545455,5.313131313131313,7.02020202020202,7.606060606060606,5.232323232323233,7.414141414141414,5.262626262626262,9.585858585858585,7.0101010101010095,5.434343434343434,5.565656565656566,5.252525252525253,7.0,7.03030303030303,5.909090909090909,7.515151515151515,5.111111111111111,5.111111111111111,6.353535353535353,7.535353535353535,7.565656565656566,7.262626262626263,5.03030303030303,5.3232323232323235,7.3232323232323235,5.5353535353535355,5.3939393939393945,5.03030303030303,5.434343434343434,7.525252525252525,6.767676767676768,5.070707070707071,7.373737373737374,5.595959595959597,5.1010101010101,7.696969696969696,5.515151515151516,7.05050505050505,5.6060606060606055,5.636363636363636,7.494949494949496,5.313131313131313,5.777777777777777,5.404040404040405,5.121212121212121,7.05050505050505,5.767676767676768,5.545454545454546,5.424242424242425,7.404040404040404,5.787878787878787,6.787878787878788,6.828282828282828,5.565656565656566,5.626262626262626,5.040404040404041,5.303030303030303,5.616161616161616,7.282828282828283,7.424242424242424,5.282828282828282,6.8686868686868685,4.909090909090909,7.444444444444445,5.494949494949495,5.262626262626262,4.888888888888888,5.808080808080808,5.979797979797979,6.111111111111112,6.474747474747474,7.363636363636363,7.737373737373737,7.97979797979798,5.7272727272727275,6.898989898989899,7.898989898989899,5.646464646464646,5.6060606060606055,7.777777777777778,6.03030303030303,5.838383838383838,7.707070707070707,7.8686868686868685,5.808080808080808,6.474747474747474,7.96969696969697,6.575757575757576,8.191919191919192,7.555555555555555,6.191919191919192,5.5858585858585865,8.141414141414142,7.686868686868687,6.383838383838384,5.7272727272727275,5.505050505050505,8.11111111111111,5.747474747474747,7.707070707070707,7.636363636363637,5.4646464646464645,7.94949494949495,5.525252525252525,8.303030303030303,5.636363636363636,8.020202020202019,6.0,8.131313131313131,8.353535353535355,5.949494949494949,7.828282828282829,5.626262626262626,6.01010101010101,5.444444444444444,7.626262626262626,5.434343434343434,7.94949494949495,8.03030303030303,8.141414141414142,6.414141414141414,6.343434343434343,8.131313131313131,5.454545454545454,6.565656565656566,5.454545454545454,5.636363636363636,8.313131313131313,6.141414141414141,7.828282828282829,6.151515151515151,5.656565656565657,7.97979797979798,5.474747474747474,5.959595959595959,6.0606060606060606,6.515151515151515,6.515151515151515,8.262626262626263,7.686868686868687,7.0101010101010095,6.040404040404041,7.707070707070707,6.606060606060606,8.161616161616163,5.616161616161616,8.06060606060606,6.5353535353535355,5.909090909090909,5.565656565656566,7.666666666666667,5.757575757575758,7.232323232323232,5.979797979797979,5.8989898989899,8.242424242424242,6.070707070707071,8.11111111111111,5.565656565656566,8.252525252525253,6.040404040404041,7.666666666666667,5.545454545454546,8.11111111111111,5.9393939393939394,8.262626262626263,7.95959595959596,6.424242424242425,7.333333333333333,6.363636363636363,6.383838383838384,7.3232323232323235,7.3434343434343425,6.373737373737374,7.282828282828283,7.353535353535353,6.898989898989899,6.3939393939393945,6.484848484848484,6.7272727272727275,7.9393939393939394,6.434343434343434,5.525252525252525,5.8989898989899,8.242424242424242,8.0,7.595959595959596,7.9393939393939394,8.313131313131313,5.797979797979798,5.515151515151516,6.0606060606060606,6.525252525252525,5.565656565656566,6.191919191919192,6.878787878787879
7.242424242424242,5.767676767676768,7.212121212121212,7.262626262626263,5.3232323232323235,7.565656565656566,5.303030303030303,5.363636363636363,7.191919191919192,5.404040404040405,5.818181818181818,7.6767676767676765,7.555555555555555,6.292929292929293,7.777777777777778,6.181818181818182,5.757575757575758,5.515151515151516,6.98989898989899,5.8686868686868685,6.161616161616161,6.929292929292929,7.080808080808081,5.3939393939393945,6.0,5.01010101010101,6.484848484848484,5.353535353535354,7.121212121212121,5.03030303030303,7.484848484848485,7.383838383838384,5.7272727272727275,5.191919191919192,7.111111111111112,5.8989898989899,6.303030303030303,7.303030303030304,7.666666666666667,6.191919191919192,7.434343434343434,5.444444444444444,5.565656565656566,7.434343434343434,5.252525252525253,5.666666666666666,7.434343434343434,7.434343434343434,5.575757575757576,5.0606060606060606,7.03030303030303,7.181818181818182,7.363636363636363,5.080808080808081,6.969696969696971,5.353535353535354,5.444444444444444,7.03030303030303,5.404040404040405,5.565656565656566,5.565656565656566,7.565656565656566,5.282828282828282,5.313131313131313,7.242424242424242,4.96969696969697,5.484848484848484,4.91919191919192,6.828282828282828,6.767676767676768,7.111111111111112,6.383838383838384,6.3939393939393945,6.282828282828284,5.686868686868687,5.494949494949495,5.555555555555555,6.808080808080809,8.09090909090909,7.848484848484848,5.6767676767676765,8.1010101010101,7.777777777777778,5.666666666666666,8.080808080808081,7.636363636363637,7.03030303030303,6.636363636363637,7.838383838383839,7.262626262626263,5.626262626262626,7.080808080808081,5.6060606060606055,7.585858585858586,7.383838383838384,7.97979797979798,5.767676767676768,8.121212121212121,5.7272727272727275,7.2020202020202015,8.313131313131313,5.494949494949495,7.262626262626263,6.090909090909092,5.4646464646464645,7.585858585858586,6.232323232323233,7.898989898989899,5.6767676767676765,8.313131313131313,5.646464646464646,6.555555555555555,5.707070707070708,5.787878787878787,6.181818181818182,5.434343434343434,6.737373737373737,5.515151515151516,8.05050505050505,7.565656565656566,8.353535353535355,5.6060606060606055,5.434343434343434,5.696969696969697,5.515151515151516,7.272727272727273,5.7272727272727275,8.11111111111111,7.101010101010101,5.454545454545454,8.232323232323232,5.434343434343434,6.080808080808081,8.070707070707071,5.787878787878787,8.161616161616163,5.808080808080808,8.151515151515152,7.838383838383839,7.505050505050504,7.9898989898989905,5.6060606060606055,5.5858585858585865,8.242424242424242,6.595959595959596,5.888888888888889,7.9898989898989905,7.1313131313131315,7.535353535353535,7.2020202020202015,6.05050505050505,7.101010101010101,5.595959595959597,5.545454545454546,5.787878787878787,8.262626262626263,7.04040404040404,5.959595959595959,7.888888888888888,5.5858585858585865,8.04040404040404,7.818181818181818,8.171717171717173,6.363636363636363,8.141414141414142,5.949494949494949,8.242424242424242,5.979797979797979,6.242424242424242,5.777777777777777,5.565656565656566,6.404040404040404,6.323232323232323,6.787878787878788,7.292929292929293,7.191919191919192,6.464646464646465,7.0,6.454545454545455,6.3939393939393945,7.282828282828283,6.5858585858585865,6.515151515151515,5.555555555555555,5.595959595959597,8.232323232323232,5.777777777777777,8.272727272727273,5.666666666666666,5.575757575757576,7.555555555555555,7.838383838383839,8.11111111111111,5.818181818181818,6.03030303030303,6.161616161616161,8.242424242424242,8.06060606060606,5.505050505050505,8.141414141414142
7.222222222222222,7.515151515151515,7.232323232323232,5.262626262626262,7.303030303030304,7.292929292929293,7.757575757575758,6.626262626262626,7.121212121212121,7.525252525252525,7.808080808080808,7.383838383838384,5.252525252525253,7.686868686868687,5.92929292929293,7.383838383838384,6.626262626262626,5.818181818181818,6.383838383838384,5.626262626262626,7.141414141414142,7.262626262626263,5.09090909090909,5.313131313131313,5.505050505050505,7.111111111111112,5.191919191919192,4.98989898989899,4.98989898989899,5.595959595959597,5.1313131313131315,7.363636363636363,7.646464646464647,5.555555555555555,5.080808080808081,7.747474747474747,5.696969696969697,6.9393939393939394,6.838383838383838,5.545454545454546,5.565656565656566,7.252525252525253,7.505050505050504,6.131313131313131,5.787878787878787,7.464646464646465,5.262626262626262,6.414141414141414,7.232323232323232,6.595959595959596,5.202020202020202,5.2727272727272725,6.202020202020202,5.646464646464646,5.262626262626262,7.191919191919192,6.646464646464646,5.303030303030303,6.636363636363637,5.242424242424243,5.717171717171717,5.0,7.545454545454545,7.505050505050504,5.5858585858585865,5.252525252525253,4.909090909090909,7.525252525252525,5.202020202020202,4.94949494949495,4.848484848484849,5.777777777777777,5.959595959595959,6.090909090909092,4.858585858585859,5.656565656565657,6.91919191919192,7.666666666666667,5.666666666666666,5.848484848484849,5.696969696969697,7.666666666666667,6.646464646464646,6.424242424242425,5.595959595959597,5.828282828282828,6.595959595959596,5.747474747474747,5.797979797979798,6.95959595959596,6.969696969696971,7.7979797979797985,8.161616161616163,5.9393939393939394,6.212121212121212,5.575757575757576,8.343434343434344,8.292929292929292,8.080808080808081,5.525252525252525,8.131313131313131,8.1010101010101,7.696969696969696,5.4646464646464645,8.373737373737374,5.838383838383838,7.383838383838384,5.767676767676768,7.111111111111112,5.454545454545454,5.5353535353535355,8.080808080808081,7.242424242424242,6.131313131313131,7.545454545454545,5.757575757575758,5.474747474747474,8.363636363636363,7.696969696969696,6.141414141414141,6.383838383838384,5.595959595959597,5.666666666666666,5.98989898989899,8.343434343434344,7.717171717171717,6.363636363636363,7.747474747474747,6.555555555555555,7.848484848484848,5.959595959595959,6.262626262626263,6.191919191919192,5.5353535353535355,7.646464646464647,6.666666666666666,8.0,5.6767676767676765,5.6767676767676765,7.646464646464647,6.5858585858585865,6.494949494949495,5.595959595959597,5.525252525252525,7.04040404040404,8.212121212121211,8.070707070707071,6.525252525252525,6.080808080808081,6.424242424242425,7.7979797979797985,7.808080808080808,8.212121212121211,7.616161616161616,7.222222222222222,7.727272727272727,6.767676767676768,7.070707070707071,5.909090909090909,8.121212121212121,5.747474747474747,5.959595959595959,7.484848484848485,8.070707070707071,5.646464646464646,7.636363636363637,5.565656565656566,8.11111111111111,7.898989898989899,6.141414141414141,5.98989898989899,6.303030303030303,7.373737373737374,6.828282828282828,6.383838383838384,6.555555555555555,7.383838383838384,6.474747474747474,6.747474747474747,7.353535353535353,7.232323232323232,7.303030303030304,7.353535353535353,6.838383838383838,5.616161616161616,8.212121212121211,7.05050505050505,6.05050505050505,7.888888888888888,7.151515151515152,6.181818181818182,5.515151515151516,7.666666666666667,5.8989898989899,5.747474747474747,8.363636363636363,5.737373737373738,5.515151515151516,5.525252525252525,8.141414141414142
5.545454545454546,6.090909090909092,5.626262626262626,7.595959595959596,6.858585858585858,5.505050505050505,7.434343434343434,7.606060606060606,5.222222222222222,7.3434343434343425,5.808080808080808,5.404040404040405,7.02020202020202,5.252525252525253,5.858585858585858,5.080808080808081,5.494949494949495,6.98989898989899,5.858585858585858,7.515151515151515,5.09090909090909,5.121212121212121,6.434343434343434,7.575757575757576,7.565656565656566,7.232323232323232,7.414141414141414,5.686868686868687,6.383838383838384,7.303030303030304,5.444444444444444,5.020202020202021,5.080808080808081,7.505050505050504,6.747474747474747,5.474747474747474,7.404040404040404,5.595959595959597,5.414141414141414,7.727272727272727,5.5353535353535355,7.05050505050505,5.575757575757576,5.696969696969697,7.434343434343434,6.202020202020202,5.777777777777777,5.666666666666666,5.92929292929293,7.080808080808081,7.02020202020202,5.545454545454546,5.434343434343434,7.0,5.8686868686868685,6.909090909090909,5.8989898989899,7.121212121212121,5.6767676767676765,6.666666666666666,6.656565656565656,7.575757575757576,5.0,5.0606060606060606,6.91919191919192,5.454545454545454,7.444444444444445,4.929292929292929,4.909090909090909,5.555555555555555,7.070707070707071,5.91919191919192,6.383838383838384,6.202020202020202,7.0,5.969696969696969,5.656565656565657,6.0606060606060606,7.828282828282829,7.919191919191919,6.707070707070707,6.808080808080809,8.06060606060606,5.666666666666666,8.141414141414142,7.606060606060606,6.090909090909092,7.878787878787879,7.787878787878788,7.3434343434343425,5.6767676767676765,5.5858585858585865,5.6060606060606055,5.616161616161616,8.080808080808081,8.252525252525253,5.787878787878787,5.757575757575758,5.717171717171717,8.080808080808081,6.05050505050505,6.383838383838384,6.070707070707071,6.111111111111112,5.474747474747474,8.0,8.292929292929292,7.919191919191919,5.575757575757576,8.313131313131313,6.848484848484848,8.070707070707071,7.272727272727273,8.353535353535355,7.6767676767676765,7.222222222222222,8.0,5.505050505050505,7.444444444444445,7.9898989898989905,8.353535353535355,7.898989898989899,5.515151515151516,5.505050505050505,6.414141414141414,8.1010101010101,7.727272727272727,6.404040404040404,8.09090909090909,5.626262626262626,7.03030303030303,8.343434343434344,8.2020202020202,8.343434343434344,8.292929292929292,8.353535353535355,5.828282828282828,6.0,6.515151515151515,8.020202020202019,7.02020202020202,5.565656565656566,8.232323232323232,8.292929292929292,7.838383838383839,6.070707070707071,7.717171717171717,7.151515151515152,7.505050505050504,7.181818181818182,6.070707070707071,7.161616161616161,5.616161616161616,5.575757575757576,5.616161616161616,5.5353535353535355,6.363636363636363,6.505050505050505,8.222222222222221,5.595959595959597,7.05050505050505,5.696969696969697,5.91919191919192,8.04040404040404,7.818181818181818,5.5353535353535355,8.262626262626263,5.98989898989899,5.8686868686868685,5.777777777777777,7.7979797979797985,6.606060606060606,7.05050505050505,6.363636363636363,6.353535353535353,7.383838383838384,7.363636363636363,6.3939393939393945,6.404040404040404,6.3939393939393945,6.404040404040404,6.323232323232323,6.494949494949495,7.767676767676768,8.191919191919192,7.272727272727273,7.747474747474747,8.171717171717173,7.080808080808081,8.292929292929292,6.202020202020202,6.636363636363637,5.767676767676768,8.272727272727273,6.090909090909092,7.707070707070707,5.92929292929293,6.040404040404041,7.646464646464647,6.858585858585858
6.323232323232323,5.9393939393939394,7.232323232323232,7.242424242424242,5.313131313131313,7.575757575757576,5.282828282828282,5.313131313131313,7.242424242424242,5.414141414141414,5.262626262626262,7.545454545454545,7.525252525252525,6.383838383838384,7.777777777777778,6.101010101010101,6.717171717171717,5.505050505050505,6.929292929292929,5.7272727272727275,6.282828282828284,7.0101010101010095,7.111111111111112,5.353535353535354,5.8989898989899,5.0,5.8989898989899,7.545454545454545,7.090909090909091,5.01010101010101,7.474747474747475,5.545454545454546,7.121212121212121,5.141414141414141,7.424242424242424,6.838383838383838,6.333333333333333,7.333333333333333,7.6767676767676765,6.161616161616161,7.454545454545455,5.292929292929292,5.5353535353535355,7.505050505050504,5.2727272727272725,5.4646464646464645,7.171717171717171,7.292929292929293,5.626262626262626,5.232323232323233,5.212121212121213,7.181818181818182,7.353535353535353,5.171717171717171,6.858585858585858,5.3939393939393945,7.191919191919192,7.191919191919192,7.090909090909091,5.717171717171717,7.494949494949496,4.96969696969697,7.292929292929293,5.343434343434343,5.575757575757576,5.565656565656566,5.494949494949495,7.515151515151515,5.353535353535354,5.333333333333333,4.898989898989899,5.828282828282828,6.01010101010101,6.363636363636363,7.121212121212121,6.98989898989899,5.979797979797979,6.747474747474747,6.707070707070707,5.646464646464646,5.707070707070708,8.080808080808081,5.767676767676768,8.151515151515152,7.888888888888888,5.838383838383838,6.98989898989899,5.565656565656566,6.858585858585858,6.909090909090909,5.5858585858585865,8.171717171717173,5.626262626262626,5.8989898989899,5.646464646464646,5.636363636363636,8.04040404040404,8.323232323232324,5.5353535353535355,7.212121212121212,7.717171717171717,7.2020202020202015,7.707070707070707,8.06060606060606,7.525252525252525,5.828282828282828,5.838383838383838,7.242424242424242,8.232323232323232,6.95959595959596,6.757575757575758,6.02020202020202,5.494949494949495,8.353535353535355,7.525252525252525,5.4646464646464645,6.8181818181818175,6.02020202020202,5.444444444444444,7.585858585858586,8.343434343434344,5.626262626262626,8.06060606060606,8.1010101010101,8.333333333333334,8.383838383838384,8.353535353535355,7.757575757575758,5.414141414141414,8.383838383838384,5.6060606060606055,5.4646464646464645,7.707070707070707,5.555555555555555,5.767676767676768,6.747474747474747,6.151515151515151,8.171717171717173,7.848484848484848,7.474747474747475,6.656565656565656,8.282828282828284,6.131313131313131,7.737373737373737,7.070707070707071,5.878787878787879,6.05050505050505,8.222222222222221,5.6060606060606055,5.626262626262626,6.8181818181818175,7.787878787878788,8.2020202020202,5.848484848484849,5.545454545454546,6.646464646464646,5.555555555555555,7.141414141414142,5.888888888888889,8.151515151515152,5.6060606060606055,5.666666666666666,7.909090909090909,6.121212121212121,7.7979797979797985,7.626262626262626,5.777777777777777,8.121212121212121,7.535353535353535,8.03030303030303,5.5353535353535355,7.424242424242424,7.313131313131313,6.3939393939393945,6.363636363636363,6.5353535353535355,7.252525252525253,6.505050505050505,7.383838383838384,6.666666666666666,7.383838383838384,6.434343434343434,6.545454545454545,5.5353535353535355,5.595959595959597,5.909090909090909,6.646464646464646,7.505050505050504,5.525252525252525,7.070707070707071,8.292929292929292,8.212121212121211,8.11111111111111,7.404040404040404,5.555555555555555,6.141414141414141,7.838383838383839,8.080808080808081,5.5353535353535355,7.7979797979797985
7.212121212121212,7.515151515151515,7.222222222222222,5.262626262626262,7.3434343434343425,6.070707070707071,6.0,5.757575757575758,7.515151515151515,7.525252525252525,7.121212121212121,7.393939393939394,5.262626262626262,7.383838383838384,5.333333333333333,6.737373737373737,6.636363636363637,6.404040404040404,6.353535353535353,5.666666666666666,7.1313131313131315,7.272727272727273,5.050505050505051,5.343434343434343,5.222222222222222,7.1313131313131315,5.525252525252525,5.747474747474747,4.98989898989899,6.91919191919192,5.151515151515151,7.383838383838384,7.262626262626263,5.494949494949495,5.09090909090909,5.080808080808081,5.696969696969697,6.9393939393939394,6.747474747474747,7.535353535353535,5.555555555555555,7.292929292929293,7.454545454545455,6.090909090909092,5.828282828282828,7.464646464646465,5.3232323232323235,5.333333333333333,7.303030303030304,6.757575757575758,5.787878787878787,5.151515151515151,6.191919191919192,5.92929292929293,5.2727272727272725,5.383838383838384,5.626262626262626,5.666666666666666,6.767676767676768,6.646464646464646,5.040404040404041,7.575757575757576,5.01010101010101,6.414141414141414,5.494949494949495,5.494949494949495,6.777777777777779,4.929292929292929,5.545454545454546,7.525252525252525,7.414141414141414,5.92929292929293,6.313131313131313,5.91919191919192,5.292929292929292,8.121212121212121,6.8686868686868685,7.96969696969697,5.838383838383838,8.070707070707071,8.09090909090909,5.828282828282828,8.161616161616163,5.878787878787879,7.545454545454545,7.6565656565656575,5.6060606060606055,8.191919191919192,7.505050505050504,6.828282828282828,7.707070707070707,5.6767676767676765,8.2020202020202,5.92929292929293,8.09090909090909,7.575757575757576,6.101010101010101,6.080808080808081,6.414141414141414,5.777777777777777,6.090909090909092,8.1010101010101,6.090909090909092,5.737373737373738,8.020202020202019,5.959595959595959,6.252525252525253,6.373737373737374,5.565656565656566,8.2020202020202,5.707070707070708,6.525252525252525,7.727272727272727,8.323232323232324,7.707070707070707,8.272727272727273,5.444444444444444,8.373737373737374,8.242424242424242,8.373737373737374,5.424242424242425,8.252525252525253,6.757575757575758,5.4646464646464645,8.121212121212121,8.404040404040403,6.373737373737374,6.040404040404041,5.979797979797979,6.7272727272727275,8.363636363636363,7.747474747474747,6.252525252525253,8.03030303030303,8.04040404040404,8.05050505050505,5.434343434343434,8.303030303030303,6.474747474747474,8.313131313131313,8.313131313131313,5.494949494949495,8.252525252525253,6.040404040404041,7.828282828282829,6.090909090909092,7.757575757575758,8.181818181818182,8.181818181818182,5.787878787878787,5.777777777777777,7.1313131313131315,5.98989898989899,7.606060606060606,8.04040404040404,5.5353535353535355,7.727272727272727,7.838383838383839,6.222222222222222,5.565656565656566,5.545454545454546,7.808080808080808,5.595959595959597,7.646464646464647,8.232323232323232,5.969696969696969,7.181818181818182,5.98989898989899,7.595959595959596,5.575757575757576,7.878787878787879,7.292929292929293,6.646464646464646,7.393939393939394,6.383838383838384,6.7979797979797985,7.393939393939394,6.464646464646465,7.363636363636363,6.383838383838384,6.373737373737374,7.121212121212121,7.191919191919192,7.919191919191919,5.878787878787879,8.242424242424242,5.757575757575758,7.95959595959596,7.828282828282829,7.747474747474747,6.131313131313131,5.717171717171717,7.757575757575758,5.525252525252525,5.969696969696969,8.161616161616163,7.252525252525253,7.787878787878788,7.595959595959596,5.525252525252525
5.545454545454546,6.040404040404041,5.575757575757576,6.858585858585858,7.414141414141414,5.494949494949495,7.434343434343434,7.787878787878788,5.232323232323233,6.343434343434343,7.181818181818182,5.3939393939393945,7.090909090909091,5.222222222222222,5.858585858585858,5.282828282828282,5.4646464646464645,6.666666666666666,5.707070707070708,7.515151515151515,5.121212121212121,5.1313131313131315,6.545454545454545,7.565656565656566,7.383838383838384,7.2020202020202015,7.585858585858586,5.797979797979798,7.353535353535353,5.646464646464646,5.424242424242425,5.040404040404041,5.0606060606060606,7.494949494949496,6.7979797979797985,6.01010101010101,7.373737373737374,5.353535353535354,5.141414141414141,5.1010101010101,5.313131313131313,7.03030303030303,5.515151515151516,5.474747474747474,7.161616161616161,6.121212121212121,6.95959595959596,5.656565656565657,5.181818181818182,7.090909090909091,7.282828282828283,5.515151515151516,5.424242424242425,6.828282828282828,5.8686868686868685,6.696969696969697,5.414141414141414,7.222222222222222,7.161616161616161,5.717171717171717,6.646464646464646,4.98989898989899,5.0,5.404040404040405,5.262626262626262,5.555555555555555,5.474747474747474,7.515151515151515,5.363636363636363,5.333333333333333,4.929292929292929,6.292929292929293,5.92929292929293,6.353535353535353,7.04040404040404,5.565656565656566,5.767676767676768,5.707070707070708,6.898989898989899,5.858585858585858,5.666666666666666,6.777777777777779,7.7979797979797985,8.181818181818182,6.252525252525253,5.8686868686868685,5.565656565656566,8.141414141414142,5.6060606060606055,7.313131313131313,6.040404040404041,8.141414141414142,5.9393939393939394,7.929292929292929,8.181818181818182,7.96969696969697,8.04040404040404,8.06060606060606,8.333333333333334,7.161616161616161,8.09090909090909,5.474747474747474,8.151515151515152,6.101010101010101,8.242424242424242,6.171717171717171,7.414141414141414,7.828282828282829,8.222222222222221,5.444444444444444,8.151515151515152,7.101010101010101,7.333333333333333,5.505050505050505,7.454545454545455,5.444444444444444,8.2020202020202,5.707070707070708,8.404040404040403,5.91919191919192,5.848484848484849,5.6060606060606055,8.363636363636363,8.353535353535355,7.727272727272727,7.252525252525253,7.232323232323232,8.373737373737374,5.515151515151516,8.373737373737374,5.595959595959597,5.424242424242425,8.181818181818182,5.5858585858585865,7.6767676767676765,5.656565656565657,5.434343434343434,8.06060606060606,8.232323232323232,5.484848484848484,6.636363636363637,6.424242424242425,6.181818181818182,8.01010101010101,8.181818181818182,6.181818181818182,7.9393939393939394,7.181818181818182,6.111111111111112,6.444444444444445,8.06060606060606,6.484848484848484,8.161616161616163,8.131313131313131,6.3939393939393945,6.616161616161617,5.696969696969697,7.181818181818182,5.595959595959597,8.272727272727273,8.222222222222221,5.949494949494949,7.525252525252525,6.111111111111112,8.121212121212121,7.585858585858586,6.424242424242425,7.808080808080808,7.565656565656566,5.757575757575758,6.242424242424242,6.343434343434343,7.121212121212121,7.363636363636363,7.151515151515152,6.555555555555555,7.282828282828283,6.404040404040404,6.98989898989899,6.484848484848484,7.242424242424242,7.717171717171717,6.373737373737374,7.818181818181818,8.020202020202019,7.404040404040404,7.9898989898989905,5.5353535353535355,7.838383838383839,5.5858585858585865,5.848484848484849,6.515151515151515,5.515151515151516,7.686868686868687,8.272727272727273,6.121212121212121,5.565656565656566,5.7272727272727275,8.232323232323232,6.747474747474747
6.353535353535353,5.575757575757576,7.272727272727273,7.595959595959596,5.353535353535354,7.787878787878788,5.313131313131313,5.313131313131313,7.818181818181818,5.404040404040405,5.242424242424243,7.525252525252525,7.525252525252525,6.414141414141414,7.757575757575758,6.373737373737374,7.04040404040404,5.595959595959597,7.0606060606060606,5.646464646464646,6.373737373737374,7.04040404040404,7.414141414141414,5.2727272727272725,5.838383838383838,5.09090909090909,5.848484848484849,5.282828282828282,7.090909090909091,5.474747474747474,7.565656565656566,5.555555555555555,7.161616161616161,5.111111111111111,7.444444444444445,7.181818181818182,6.232323232323233,6.848484848484848,7.6767676767676765,6.5353535353535355,7.454545454545455,5.2727272727272725,5.545454545454546,7.303030303030304,5.242424242424243,5.686868686868687,7.464646464646465,7.232323232323232,5.616161616161616,5.171717171717171,5.212121212121213,7.161616161616161,6.272727272727273,5.262626262626262,7.222222222222222,5.363636363636363,5.6060606060606055,5.626262626262626,5.2727272727272725,6.656565656565656,5.262626262626262,5.0,6.95959595959596,7.414141414141414,6.929292929292929,4.94949494949495,6.757575757575758,4.9393939393939394,5.5353535353535355,7.181818181818182,7.393939393939394,6.282828282828284,6.373737373737374,6.101010101010101,5.252525252525253,8.2020202020202,8.131313131313131,7.828282828282829,5.707070707070708,7.6565656565656575,6.909090909090909,5.828282828282828,6.626262626262626,5.888888888888889,5.909090909090909,8.242424242424242,6.616161616161617,8.212121212121211,8.161616161616163,6.606060606060606,6.101010101010101,5.575757575757576,7.454545454545455,8.191919191919192,5.91919191919192,7.3232323232323235,5.767676767676768,7.686868686868687,5.484848484848484,5.505050505050505,5.474747474747474,8.333333333333334,6.111111111111112,5.757575757575758,7.525252525252525,8.0,8.282828282828284,5.4646464646464645,7.0606060606060606,7.97979797979798,5.98989898989899,6.515151515151515,7.727272727272727,8.343434343434344,5.888888888888889,8.292929292929292,6.8181818181818175,5.6767676767676765,5.454545454545454,8.323232323232324,7.95959595959596,7.898989898989899,7.7979797979797985,5.484848484848484,8.09090909090909,5.4646464646464645,6.363636363636363,6.040404040404041,5.98989898989899,7.8686868686868685,8.252525252525253,5.444444444444444,8.11111111111111,8.232323232323232,6.161616161616161,8.03030303030303,8.313131313131313,5.575757575757576,5.808080808080808,8.323232323232324,8.020202020202019,7.262626262626263,5.848484848484849,6.606060606060606,5.969696969696969,7.595959595959596,7.717171717171717,5.949494949494949,8.252525252525253,7.686868686868687,5.717171717171717,5.808080808080808,8.252525252525253,7.636363636363637,8.242424242424242,5.5353535353535355,5.979797979797979,6.464646464646465,7.616161616161616,5.5858585858585865,5.757575757575758,7.858585858585858,7.545454545454545,8.01010101010101,5.6767676767676765,6.0,5.565656565656566,5.707070707070708,7.525252525252525,6.474747474747474,7.353535353535353,7.222222222222222,6.373737373737374,6.838383838383838,7.111111111111112,7.373737373737374,6.505050505050505,6.595959595959596,6.464646464646465,6.414141414141414,6.545454545454545,6.545454545454545,6.616161616161617,6.707070707070707,5.6060606060606055,5.6060606060606055,7.787878787878788,6.161616161616161,5.616161616161616,7.777777777777778,8.0,8.232323232323232,7.787878787878788,7.97979797979798,6.858585858585858,8.333333333333334,7.767676767676768,8.01010101010101,8.03030303030303,7.828282828282829
7.222222222222222,6.91919191919192,7.222222222222222,5.282828282828282,7.393939393939394,5.3232323232323235,7.353535353535353,5.777777777777777,6.969696969696971,7.585858585858586,7.212121212121212,7.3434343434343425,5.232323232323233,7.3232323232323235,5.3232323232323235,6.626262626262626,6.575757575757576,5.555555555555555,6.454545454545455,5.373737373737374,7.101010101010101,7.191919191919192,5.0606060606060606,5.363636363636363,5.252525252525253,7.151515151515152,5.222222222222222,5.0,5.020202020202021,5.626262626262626,6.232323232323233,7.595959595959596,7.292929292929293,5.515151515151516,5.070707070707071,5.333333333333333,5.686868686868687,7.161616161616161,6.696969696969697,7.515151515151515,6.717171717171717,6.5858585858585865,7.454545454545455,6.02020202020202,7.070707070707071,7.515151515151515,5.2727272727272725,5.303030303030303,7.272727272727273,6.787878787878788,5.838383838383838,5.111111111111111,6.929292929292929,6.626262626262626,5.818181818181818,5.292929292929292,7.111111111111112,5.666666666666666,6.757575757575758,7.575757575757576,7.353535353535353,7.454545454545455,6.838383838383838,5.909090909090909,5.595959595959597,7.505050505050504,4.9393939393939394,7.515151515151515,6.8686868686868685,5.232323232323233,5.707070707070708,6.070707070707071,6.02020202020202,6.242424242424242,5.717171717171717,5.777777777777777,7.7979797979797985,5.646464646464646,7.848484848484848,5.707070707070708,7.94949494949495,7.686868686868687,5.737373737373738,7.707070707070707,8.2020202020202,5.6060606060606055,5.808080808080808,8.151515151515152,5.6060606060606055,7.242424242424242,5.6060606060606055,8.151515151515152,6.242424242424242,7.9393939393939394,7.373737373737374,8.181818181818182,7.686868686868687,8.121212121212121,7.242424242424242,8.1010101010101,6.070707070707071,6.05050505050505,8.05050505050505,8.333333333333334,5.4646464646464645,7.636363636363637,7.383838383838384,8.272727272727273,7.909090909090909,7.898989898989899,8.141414141414142,7.090909090909091,7.757575757575758,6.131313131313131,7.515151515151515,5.696969696969697,5.9393939393939394,8.11111111111111,6.070707070707071,5.474747474747474,5.8686868686868685,8.212121212121211,6.9393939393939394,8.373737373737374,5.4646464646464645,7.232323232323232,8.363636363636363,8.383838383838384,8.11111111111111,6.878787878787879,5.5858585858585865,5.434343434343434,6.05050505050505,7.898989898989899,7.555555555555555,5.959595959595959,8.313131313131313,6.606060606060606,5.5858585858585865,5.4646464646464645,8.131313131313131,6.383838383838384,6.161616161616161,8.070707070707071,6.454545454545455,6.191919191919192,6.929292929292929,7.848484848484848,5.565656565656566,5.575757575757576,7.929292929292929,5.616161616161616,5.878787878787879,5.565656565656566,5.595959595959597,8.242424242424242,8.1010101010101,7.212121212121212,7.494949494949496,8.232323232323232,7.9898989898989905,7.858585858585858,8.151515151515152,6.090909090909092,6.646464646464646,7.565656565656566,8.03030303030303,7.7979797979797985,7.585858585858586,7.080808080808081,6.282828282828284,6.343434343434343,7.373737373737374,7.232323232323232,6.595959595959596,6.373737373737374,7.424242424242424,6.414141414141414,7.373737373737374,6.969696969696971,7.212121212121212,7.555555555555555,6.515151515151515,7.838383838383839,6.131313131313131,7.6767676767676765,5.555555555555555,8.252525252525253,6.414141414141414,5.5353535353535355,6.151515151515151,5.747474747474747,5.737373737373738,5.494949494949495,8.272727272727273,5.525252525252525,7.919191919191919,6.636363636363637,5.545454545454546,5.5353535353535355
5.555555555555555,7.303030303030304,5.696969696969697,6.9393939393939394,7.414141414141414,5.818181818181818,7.444444444444445,7.757575757575758,5.242424242424243,6.323232323232323,7.1313131313131315,5.2727272727272725,7.141414141414142,5.2727272727272725,5.848484848484849,5.292929292929292,5.484848484848484,7.0101010101010095,5.4646464646464645,7.555555555555555,5.121212121212121,5.141414141414141,7.404040404040404,7.535353535353535,7.393939393939394,6.515151515151515,7.626262626262626,7.141414141414142,7.373737373737374,7.555555555555555,5.444444444444444,5.7272727272727275,5.080808080808081,7.686868686868687,7.535353535353535,6.888888888888889,7.252525252525253,5.09090909090909,5.09090909090909,5.070707070707071,5.2727272727272725,7.03030303030303,5.494949494949495,5.474747474747474,7.151515151515152,5.2727272727272725,5.808080808080808,5.646464646464646,5.818181818181818,7.080808080808081,7.313131313131313,5.3232323232323235,5.444444444444444,6.828282828282828,5.616161616161616,5.8686868686868685,5.626262626262626,5.8686868686868685,6.858585858585858,5.020202020202021,5.6060606060606055,4.979797979797979,7.565656565656566,6.787878787878788,7.242424242424242,6.888888888888889,5.212121212121213,5.545454545454546,5.555555555555555,5.565656565656566,6.040404040404041,6.363636363636363,6.353535353535353,5.969696969696969,5.2727272727272725,8.232323232323232,7.717171717171717,7.808080808080808,5.696969696969697,7.828282828282829,5.636363636363636,5.848484848484849,6.0,7.292929292929293,5.6060606060606055,8.181818181818182,6.6767676767676765,7.080808080808081,8.191919191919192,6.5858585858585865,5.565656565656566,5.666666666666666,7.929292929292929,7.474747474747475,5.878787878787879,6.181818181818182,6.101010101010101,6.363636363636363,8.09090909090909,5.505050505050505,7.212121212121212,8.09090909090909,5.454545454545454,6.222222222222222,7.535353535353535,8.333333333333334,6.262626262626263,7.898989898989899,8.232323232323232,5.454545454545454,5.656565656565657,6.494949494949495,8.080808080808081,7.666666666666667,5.808080808080808,7.8686868686868685,6.787878787878788,8.343434343434344,5.747474747474747,8.333333333333334,6.414141414141414,8.0,7.808080808080808,5.484848484848484,8.121212121212121,8.353535353535355,8.141414141414142,6.474747474747474,6.575757575757576,8.373737373737374,7.0606060606060606,5.4646464646464645,8.363636363636363,5.5858585858585865,5.757575757575758,5.5353535353535355,5.98989898989899,6.040404040404041,8.222222222222221,6.121212121212121,5.98989898989899,8.282828282828284,5.575757575757576,5.545454545454546,5.5353535353535355,7.606060606060606,7.737373737373737,6.3939393939393945,8.161616161616163,8.01010101010101,8.09090909090909,8.191919191919192,7.535353535353535,8.272727272727273,8.04040404040404,5.525252525252525,7.909090909090909,6.434343434343434,7.606060606060606,5.848484848484849,5.5353535353535355,5.5353535353535355,5.565656565656566,8.03030303030303,5.525252525252525,6.090909090909092,5.575757575757576,5.969696969696969,6.181818181818182,5.595959595959597,7.3434343434343425,7.434343434343434,7.242424242424242,6.363636363636363,6.575757575757576,6.363636363636363,6.343434343434343,6.575757575757576,6.373737373737374,7.272727272727273,6.454545454545455,7.2020202020202015,6.636363636363637,5.5353535353535355,5.565656565656566,7.919191919191919,6.787878787878788,6.171717171717171,8.212121212121211,6.95959595959596,5.787878787878787,5.9393939393939394,8.03030303030303,7.606060606060606,6.9393939393939394,7.292929292929293,5.494949494949495,6.02020202020202,6.151515151515151,8.151515151515152
6.424242424242425,5.545454545454546,7.313131313131313,7.242424242424242,5.313131313131313,7.777777777777778,5.262626262626262,5.303030303030303,7.373737373737374,5.3939393939393945,5.262626262626262,5.414141414141414,7.181818181818182,7.8686868686868685,7.787878787878788,6.292929292929293,7.04040404040404,6.666666666666666,7.282828282828283,5.595959595959597,6.424242424242425,7.1313131313131315,7.0606060606060606,6.5353535353535355,5.767676767676768,5.1010101010101,5.777777777777777,7.545454545454545,7.101010101010101,5.383838383838384,7.575757575757576,5.595959595959597,5.91919191919192,5.111111111111111,7.444444444444445,7.03030303030303,5.363636363636363,6.8181818181818175,7.252525252525253,6.606060606060606,7.0606060606060606,5.252525252525253,5.565656565656566,7.313131313131313,5.242424242424243,5.696969696969697,7.696969696969696,7.232323232323232,5.3939393939393945,7.101010101010101,5.454545454545454,7.101010101010101,7.181818181818182,5.232323232323233,7.171717171717171,6.858585858585858,5.6767676767676765,5.3939393939393945,7.111111111111112,7.575757575757576,5.070707070707071,5.282828282828282,5.505050505050505,6.141414141414141,5.595959595959597,6.777777777777779,7.404040404040404,6.7979797979797985,5.3939393939393945,6.94949494949495,5.7272727272727275,5.878787878787879,6.313131313131313,6.121212121212121,7.464646464646465,5.8686868686868685,6.838383838383838,5.747474747474747,7.828282828282829,8.080808080808081,7.6565656565656575,6.111111111111112,7.070707070707071,5.6060606060606055,8.212121212121211,7.616161616161616,6.94949494949495,8.181818181818182,5.626262626262626,6.828282828282828,7.747474747474747,8.191919191919192,5.6060606060606055,7.545454545454545,7.383838383838384,7.929292929292929,8.131313131313131,7.242424242424242,5.505050505050505,8.121212121212121,5.4646464646464645,7.757575757575758,7.3434343434343425,8.191919191919192,5.474747474747474,7.535353535353535,5.808080808080808,5.717171717171717,5.91919191919192,8.191919191919192,8.04040404040404,8.09090909090909,5.454545454545454,5.505050505050505,7.717171717171717,7.94949494949495,8.2020202020202,5.494949494949495,8.070707070707071,5.909090909090909,7.191919191919192,7.888888888888888,6.95959595959596,8.131313131313131,5.717171717171717,5.696969696969697,5.7272727272727275,8.11111111111111,8.181818181818182,5.434343434343434,5.909090909090909,8.0,6.323232323232323,7.02020202020202,6.090909090909092,5.575757575757576,8.313131313131313,7.97979797979798,5.828282828282828,6.222222222222222,8.05050505050505,5.8989898989899,6.141414141414141,8.242424242424242,6.424242424242425,6.161616161616161,6.03030303030303,7.848484848484848,5.595959595959597,6.505050505050505,6.03030303030303,7.222222222222222,5.575757575757576,5.545454545454546,5.575757575757576,8.080808080808081,8.222222222222221,5.808080808080808,6.02020202020202,8.252525252525253,7.727272727272727,6.494949494949495,8.141414141414142,6.505050505050505,6.626262626262626,8.181818181818182,6.111111111111112,7.818181818181818,6.101010101010101,7.04040404040404,6.353535353535353,6.464646464646465,6.656565656565656,7.393939393939394,7.161616161616161,6.8181818181818175,6.515151515151515,7.191919191919192,6.686868686868687,6.767676767676768,6.515151515151515,6.353535353535353,6.202020202020202,8.131313131313131,6.111111111111112,5.595959595959597,8.141414141414142,5.808080808080808,8.212121212121211,5.5858585858585865,8.141414141414142,7.848484848484848,7.737373737373737,8.313131313131313,5.656565656565657,5.525252525252525,7.727272727272727,7.9898989898989905,8.282828282828284,5.525252525252525
7.393939393939394,5.949494949494949,7.212121212121212,5.282828282828282,7.444444444444445,5.949494949494949,6.141414141414141,5.787878787878787,7.535353535353535,7.585858585858586,7.242424242424242,7.838383838383839,5.252525252525253,7.363636363636363,5.747474747474747,6.8686868686868685,6.787878787878788,5.565656565656566,6.292929292929293,5.424242424242425,7.363636363636363,7.222222222222222,5.292929292929292,5.1010101010101,5.2727272727272725,7.565656565656566,5.222222222222222,6.5858585858585865,5.202020202020202,5.292929292929292,7.585858585858586,7.575757575757576,7.545454545454545,6.444444444444445,5.080808080808081,5.474747474747474,5.737373737373738,7.070707070707071,7.292929292929293,7.494949494949496,6.666666666666666,7.3434343434343425,7.101010101010101,5.9393939393939394,5.949494949494949,7.454545454545455,5.555555555555555,5.303030303030303,7.222222222222222,5.242424242424243,5.858585858585858,6.212121212121212,6.161616161616161,5.878787878787879,6.686868686868687,5.383838383838384,7.181818181818182,7.2020202020202015,7.151515151515152,7.03030303030303,7.404040404040404,7.292929292929293,5.6060606060606055,5.575757575757576,5.494949494949495,5.4646464646464645,6.8686868686868685,4.94949494949495,6.848484848484848,4.929292929292929,6.090909090909092,6.272727272727273,6.404040404040404,5.8989898989899,6.484848484848484,8.181818181818182,8.121212121212121,5.818181818181818,5.646464646464646,5.848484848484849,5.828282828282828,5.717171717171717,6.575757575757576,5.959595959595959,5.626262626262626,5.6060606060606055,7.737373737373737,7.808080808080808,8.2020202020202,7.02020202020202,6.040404040404041,5.575757575757576,8.232323232323232,6.242424242424242,6.212121212121212,6.252525252525253,6.313131313131313,6.343434343434343,8.09090909090909,6.080808080808081,8.323232323232324,8.373737373737374,5.484848484848484,6.171717171717171,5.454545454545454,7.97979797979798,5.515151515151516,6.444444444444445,8.222222222222221,5.444444444444444,8.03030303030303,6.484848484848484,8.323232323232324,8.03030303030303,5.474747474747474,5.525252525252525,8.171717171717173,7.747474747474747,5.747474747474747,7.747474747474747,6.424242424242425,8.020202020202019,5.525252525252525,5.434343434343434,8.373737373737374,8.131313131313131,6.0606060606060606,7.757575757575758,5.414141414141414,8.181818181818182,5.6767676767676765,5.434343434343434,6.040404040404041,5.909090909090909,7.686868686868687,8.363636363636363,8.383838383838384,5.5858585858585865,5.797979797979798,5.474747474747474,6.03030303030303,6.313131313131313,5.575757575757576,6.94949494949495,5.9393939393939394,5.565656565656566,7.737373737373737,8.191919191919192,8.262626262626263,8.0,7.767676767676768,7.777777777777778,8.171717171717173,8.232323232323232,7.181818181818182,6.040404040404041,6.696969696969697,6.414141414141414,7.565656565656566,5.959595959595959,6.696969696969697,8.242424242424242,5.575757575757576,8.01010101010101,7.02020202020202,7.585858585858586,5.525252525252525,5.959595959595959,5.555555555555555,5.5858585858585865,6.343434343434343,6.494949494949495,7.171717171717171,6.444444444444445,7.080808080808081,6.8686868686868685,6.404040404040404,7.313131313131313,7.373737373737374,7.272727272727273,7.373737373737374,7.282828282828283,6.303030303030303,5.686868686868687,7.161616161616161,7.626262626262626,5.6060606060606055,8.282828282828284,8.222222222222221,6.02020202020202,7.6565656565656575,7.272727272727273,5.505050505050505,6.0606060606060606,7.838383838383839,5.525252525252525,8.303030303030303,5.515151515151516,5.525252525252525,6.626262626262626
5.5858585858585865,7.303030303030304,5.515151515151516,5.848484848484849,7.383838383838384,5.545454545454546,7.686868686868687,7.585858585858586,5.262626262626262,6.202020202020202,7.494949494949496,6.343434343434343,7.191919191919192,5.2727272727272725,5.5858585858585865,5.484848484848484,5.737373737373738,6.898989898989899,5.646464646464646,7.525252525252525,5.141414141414141,5.1313131313131315,7.434343434343434,7.575757575757576,7.454545454545455,6.444444444444445,7.616161616161616,5.050505050505051,7.585858585858586,7.525252525252525,6.171717171717171,5.656565656565657,5.313131313131313,7.505050505050504,7.545454545454545,6.090909090909092,7.222222222222222,5.070707070707071,5.09090909090909,5.111111111111111,5.575757575757576,7.02020202020202,7.141414141414142,5.494949494949495,7.141414141414142,6.0,5.717171717171717,5.656565656565657,5.717171717171717,5.767676767676768,7.313131313131313,5.575757575757576,5.444444444444444,7.141414141414142,5.363636363636363,6.7272727272727275,5.656565656565657,6.8181818181818175,7.1313131313131315,7.393939393939394,5.0,5.0,6.808080808080809,5.878787878787879,5.565656565656566,6.828282828282828,4.9393939393939394,5.525252525252525,6.858585858585858,7.494949494949496,6.444444444444445,5.717171717171717,6.313131313131313,6.242424242424242,7.0606060606060606,5.696969696969697,6.848484848484848,7.848484848484848,8.080808080808081,6.707070707070707,7.838383838383839,7.828282828282829,7.787878787878788,5.5858585858585865,7.898989898989899,7.96969696969697,6.05050505050505,8.333333333333334,5.626262626262626,7.252525252525253,7.94949494949495,8.181818181818182,6.232323232323233,7.565656565656566,6.171717171717171,7.333333333333333,8.323232323232324,7.262626262626263,5.515151515151516,8.080808080808081,5.515151515151516,5.7272727272727275,5.737373737373738,7.464646464646465,7.626262626262626,7.97979797979798,7.929292929292929,5.878787878787879,5.909090909090909,8.2020202020202,8.161616161616163,7.121212121212121,5.505050505050505,5.777777777777777,7.9898989898989905,8.272727272727273,5.98989898989899,7.232323232323232,8.06060606060606,5.858585858585858,6.464646464646465,8.333333333333334,6.95959595959596,8.09090909090909,6.424242424242425,5.434343434343434,5.424242424242425,7.181818181818182,8.09090909090909,5.555555555555555,5.878787878787879,7.666666666666667,7.757575757575758,8.343434343434344,8.232323232323232,5.636363636363636,7.6767676767676765,8.272727272727273,5.838383838383838,8.05050505050505,7.7979797979797985,7.95959595959596,8.0,6.03030303030303,7.212121212121212,7.393939393939394,5.565656565656566,5.575757575757576,5.575757575757576,7.9898989898989905,5.575757575757576,7.232323232323232,5.555555555555555,5.555555555555555,5.575757575757576,8.282828282828284,6.02020202020202,8.252525252525253,5.575757575757576,7.828282828282829,7.94949494949495,7.787878787878788,5.565656565656566,6.555555555555555,6.595959595959596,6.080808080808081,7.05050505050505,6.474747474747474,8.0,8.262626262626263,6.5858585858585865,6.494949494949495,6.5858585858585865,7.383838383838384,7.303030303030304,7.383838383838384,7.393939393939394,6.414141414141414,6.515151515151515,6.494949494949495,6.484848484848484,6.404040404040404,8.383838383838384,7.03030303030303,8.020202020202019,7.9393939393939394,6.0,7.666666666666667,5.8686868686868685,8.272727272727273,8.292929292929292,5.888888888888889,6.97979797979798,7.616161616161616,5.484848484848484,8.121212121212121,5.515151515151516,6.0,6.131313131313131,7.0101010101010095
6.494949494949495,7.090909090909091,7.464646464646465,7.212121212121212,5.2727272727272725,6.98989898989899,5.292929292929292,5.303030303030303,7.7979797979797985,5.414141414141414,5.252525252525253,5.434343434343434,7.494949494949496,6.595959595959596,7.818181818181818,5.949494949494949,7.02020202020202,6.929292929292929,7.242424242424242,5.565656565656566,6.525252525252525,7.2020202020202015,7.04040404040404,6.424242424242425,7.0,5.1313131313131315,5.6767676767676765,5.949494949494949,5.848484848484849,5.373737373737374,5.161616161616162,5.292929292929292,5.98989898989899,5.141414141414141,7.0606060606060606,6.8686868686868685,5.333333333333333,7.555555555555555,7.3232323232323235,6.666666666666666,7.464646464646465,5.242424242424243,5.313131313131313,7.333333333333333,5.494949494949495,5.484848484848484,7.666666666666667,7.212121212121212,5.575757575757576,7.111111111111112,5.444444444444444,7.3232323232323235,7.191919191919192,5.262626262626262,7.2020202020202015,6.656565656565656,6.777777777777779,6.7979797979797985,5.595959595959597,5.0,6.666666666666666,7.313131313131313,4.98989898989899,6.262626262626263,6.878787878787879,4.959595959595959,0.0,4.94949494949495,4.9393939393939394,4.91919191919192,6.161616161616161,6.242424242424242,5.91919191919192,5.8686868686868685,6.434343434343434,8.121212121212121,6.737373737373737,5.838383838383838,5.747474747474747,5.838383838383838,6.888888888888889,6.8686868686868685,6.545454545454545,7.717171717171717,5.626262626262626,5.858585858585858,6.737373737373737,5.818181818181818,8.131313131313131,7.292929292929293,5.707070707070708,5.575757575757576,7.898989898989899,8.121212121212121,6.202020202020202,7.606060606060606,8.04040404040404,5.5353535353535355,8.080808080808081,5.494949494949495,8.323232323232324,8.131313131313131,6.262626262626263,6.101010101010101,5.787878787878787,6.161616161616161,5.888888888888889,8.313131313131313,7.888888888888888,5.454545454545454,7.808080808080808,0.0,8.171717171717173,7.575757575757576,7.414141414141414,5.444444444444444,7.828282828282829,8.353535353535355,5.747474747474747,6.252525252525253,7.191919191919192,6.737373737373737,5.969696969696969,5.424242424242425,8.171717171717173,8.131313131313131,7.242424242424242,8.131313131313131,5.494949494949495,5.626262626262626,0.0,5.4646464646464645,8.151515151515152,5.666666666666666,8.070707070707071,8.212121212121211,8.080808080808081,8.09090909090909,8.212121212121211,7.686868686868687,5.575757575757576,6.292929292929293,5.818181818181818,7.96969696969697,6.3939393939393945,5.6060606060606055,8.222222222222221,7.747474747474747,8.222222222222221,6.080808080808081,7.888888888888888,6.383838383838384,8.171717171717173,8.282828282828284,8.03030303030303,5.7272727272727275,6.6767676767676765,5.838383838383838,7.95959595959596,6.080808080808081,7.737373737373737,7.181818181818182,7.565656565656566,8.191919191919192,5.707070707070708,7.94949494949495,8.242424242424242,5.6060606060606055,5.828282828282828,8.070707070707071,7.313131313131313,7.454545454545455,7.353535353535353,6.909090909090909,6.484848484848484,6.858585858585858,6.404040404040404,7.353535353535353,7.363636363636363,7.292929292929293,7.171717171717171,6.595959595959596,6.111111111111112,5.949494949494949,5.6060606060606055,6.05050505050505,8.242424242424242,5.545454545454546,7.707070707070707,6.0,6.282828282828284,8.282828282828284,7.777777777777778,5.454545454545454,6.565656565656566,8.121212121212121,5.8686868686868685,8.303030303030303,6.151515151515151,5.9393939393939394
0.0,0.0,0.0,5.2727272727272725,6.333333333333333,0.0,6.232323232323233,6.888888888888889,0.0,0.0,0.0,0.0,0.0,7.636363636363637,0.0,0.0,5.626262626262626,6.646464646464646,0.0,5.3939393939393945,0.0,0.0,5.050505050505051,5.424242424242425,5.262626262626262,0.0,5.575757575757576,5.0,5.222222222222222,5.343434343434343,0.0,7.606060606060606,0.0,0.0,5.09090909090909,0.0,0.0,0.0,7.6565656565656575,7.494949494949496,0.0,0.0,7.141414141414142,0.0,0.0,7.454545454545455,0.0,0.0,0.0,0.0,0.0,0.0,6.98989898989899,0.0,6.686868686868687,0.0,5.666666666666666,6.626262626262626,5.808080808080808,7.3232323232323235,5.040404040404041,5.161616161616162,7.515151515151515,6.262626262626263,0.0,0.0,0.0,5.242424242424243,0.0,6.91919191919192,6.3939393939393945,5.707070707070708,6.414141414141414,6.090909090909092,7.04040404040404,0.0,6.737373737373737,6.101010101010101,7.929292929292929,7.94949494949495,6.707070707070707,5.616161616161616,0.0,5.92929292929293,8.212121212121211,8.05050505050505,6.888888888888889,6.0,5.595959595959597,6.777777777777779,6.03030303030303,0.0,5.626262626262626,7.555555555555555,5.6060606060606055,7.606060606060606,7.333333333333333,8.121212121212121,5.525252525252525,5.454545454545454,5.494949494949495,8.09090909090909,6.080808080808081,5.474747474747474,8.323232323232324,7.6767676767676765,5.818181818181818,5.515151515151516,5.595959595959597,0.0,8.04040404040404,0.0,5.505050505050505,7.636363636363637,6.222222222222222,7.919191919191919,5.656565656565657,5.717171717171717,8.03030303030303,5.8686868686868685,6.464646464646465,8.191919191919192,5.525252525252525,5.444444444444444,8.1010101010101,5.474747474747474,5.4646464646464645,8.171717171717173,0.0,5.525252525252525,0.0,8.0,6.3939393939393945,7.909090909090909,8.363636363636363,5.91919191919192,6.101010101010101,6.02020202020202,5.878787878787879,7.3434343434343425,6.848484848484848,7.727272727272727,8.03030303030303,5.555555555555555,8.222222222222221,8.222222222222221,8.09090909090909,0.0,5.595959595959597,7.9898989898989905,5.565656565656566,5.878787878787879,5.575757575757576,5.5858585858585865,5.575757575757576,5.545454545454546,0.0,8.191919191919192,5.565656565656566,6.363636363636363,6.858585858585858,7.777777777777778,7.585858585858586,7.96969696969697,8.232323232323232,6.181818181818182,5.747474747474747,0.0,7.424242424242424,5.737373737373738,6.494949494949495,6.303030303030303,7.414141414141414,7.383838383838384,0.0,6.424242424242425,7.121212121212121,6.929292929292929,7.353535353535353,6.3939393939393945,6.565656565656566,7.272727272727273,5.838383838383838,8.2020202020202,8.272727272727273,5.8686868686868685,6.9393939393939394,7.313131313131313,5.595959595959597,6.7979797979797985,5.545454545454546,7.363636363636363,5.494949494949495,7.505050505050504,8.242424242424242,5.505050505050505,8.232323232323232,6.828282828282828,8.06060606060606,8.242424242424242
0.0,0.0,0.0,0.0,0.0,0.0,0.0,0.0,0.0,0.0,0.0,0.0,0.0,0.0,0.0,0.0,0.0,0.0,0.0,0.0,0.0,0.0,0.0,0.0,0.0,0.0,0.0,7.212121212121212,0.0,0.0,0.0,0.0,0.0,0.0,0.0,0.0,0.0,0.0,0.0,5.070707070707071,0.0,0.0,6.5858585858585865,0.0,0.0,0.0,0.0,0.0,0.0,0.0,0.0,0.0,0.0,0.0,5.636363636363636,0.0,0.0,6.646464646464646,5.737373737373738,7.333333333333333,7.505050505050504,7.585858585858586,5.040404040404041,6.111111111111112,0.0,0.0,0.0,5.424242424242425,0.0,5.373737373737374,6.363636363636363,6.212121212121212,0.0,6.141414141414141,0.0,0.0,5.656565656565657,5.717171717171717,5.707070707070708,6.121212121212121,5.646464646464646,5.6767676767676765,0.0,0.0,0.0,6.424242424242425,0.0,0.0,0.0,0.0,5.6767676767676765,0.0,8.2020202020202,7.464646464646465,8.252525252525253,6.282828282828284,8.070707070707071,6.363636363636363,8.1010101010101,5.515151515151516,8.09090909090909,5.525252525252525,0.0,8.2020202020202,5.4646464646464645,7.686868686868687,0.0,8.303030303030303,6.5858585858585865,0.0,7.7979797979797985,0.0,8.222222222222221,8.323232323232324,0.0,7.909090909090909,8.04040404040404,8.09090909090909,7.525252525252525,0.0,7.898989898989899,8.2020202020202,5.454545454545454,8.151515151515152,6.0606060606060606,7.242424242424242,5.424242424242425,8.1010101010101,0.0,5.434343434343434,0.0,8.343434343434344,5.444444444444444,0.0,8.222222222222221,7.9898989898989905,6.090909090909092,6.03030303030303,7.707070707070707,8.06060606060606,5.666666666666666,5.545454545454546,0.0,5.525252525252525,5.5858585858585865,7.353535353535353,6.040404040404041,0.0,0.0,5.6060606060606055,5.575757575757576,0.0,0.0,8.1010101010101,0.0,6.666666666666666,0.0,0.0,0.0,0.0,5.616161616161616,0.0,7.454545454545455,5.555555555555555,5.626262626262626,0.0,8.252525252525253,0.0,0.0,0.0,7.393939393939394,7.151515151515152,6.424242424242425,6.404040404040404,0.0,7.242424242424242,6.363636363636363,6.575757575757576,7.02020202020202,7.383838383838384,0.0,7.373737373737374,7.616161616161616,7.141414141414142,7.737373737373737,8.242424242424242,6.626262626262626,8.01010101010101,7.6767676767676765,8.131313131313131,6.111111111111112,5.828282828282828,7.96969696969697,7.9898989898989905,5.696969696969697,6.05050505050505,5.98989898989899,5.717171717171717,5.545454545454546,7.090909090909091
0.0,0.0,0.0,0.0,0.0,0.0,0.0,0.0,0.0,0.0,0.0,0.0,0.0,0.0,0.0,0.0,0.0,0.0,0.0,0.0,0.0,0.0,0.0,0.0,0.0,0.0,0.0,0.0,0.0,0.0,0.0,0.0,0.0,0.0,0.0,0.0,0.0,0.0,0.0,0.0,0.0,0.0,0.0,0.0,0.0,0.0,0.0,0.0,0.0,0.0,0.0,0.0,0.0,0.0,7.191919191919192,0.0,0.0,6.767676767676768,5.333333333333333,0.0,5.0,0.0,0.0,6.373737373737374,0.0,0.0,0.0,4.96969696969697,0.0,7.505050505050504,0.0,6.272727272727273,0.0,0.0,0.0,0.0,7.838383838383839,6.090909090909092,0.0,7.636363636363637,0.0,5.737373737373738,0.0,0.0,0.0,0.0,0.0,0.0,0.0,0.0,5.565656565656566,0.0,0.0,0.0,0.0,0.0,0.0,0.0,0.0,5.555555555555555,0.0,0.0,0.0,5.474747474747474,8.01010101010101,0.0,0.0,5.7272727272727275,5.6060606060606055,0.0,0.0,0.0,5.484848484848484,8.323232323232324,0.0,7.96969696969697,6.6767676767676765,5.454545454545454,8.373737373737374,0.0,0.0,0.0,0.0,0.0,7.242424242424242,0.0,0.0,7.747474747474747,0.0,6.787878787878788,0.0,8.292929292929292,8.151515151515152,0.0,5.454545454545454,5.454545454545454,0.0,6.040404040404041,8.272727272727273,0.0,0.0,6.272727272727273,0.0,7.787878787878788,5.909090909090909,7.626262626262626,0.0,0.0,0.0,8.222222222222221,0.0,0.0,0.0,0.0,0.0,0.0,0.0,0.0,0.0,0.0,0.0,0.0,5.565656565656566,5.767676767676768,0.0,0.0,0.0,0.0,0.0,0.0,7.414141414141414,0.0,7.353535353535353,7.242424242424242,0.0,6.525252525252525,0.0,0.0,6.545454545454545,0.0,0.0,6.3939393939393945,5.555555555555555,7.828282828282829,5.565656565656566,6.0606060606060606,7.808080808080808,5.575757575757576,8.232323232323232,5.595959595959597,8.06060606060606,5.8989898989899,6.02020202020202,5.515151515151516,5.91919191919192,8.292929292929292,5.555555555555555,6.747474747474747,8.04040404040404,5.575757575757576
0.0,0.0,0.0,0.0,0.0,0.0,0.0,0.0,0.0,0.0,0.0,0.0,0.0,0.0,0.0,0.0,0.0,0.0,0.0,0.0,0.0,0.0,0.0,0.0,0.0,0.0,0.0,0.0,0.0,0.0,0.0,0.0,0.0,0.0,0.0,0.0,0.0,0.0,0.0,0.0,0.0,0.0,0.0,0.0,0.0,0.0,0.0,0.0,0.0,0.0,0.0,0.0,0.0,0.0,0.0,0.0,0.0,5.353535353535354,7.02020202020202,0.0,0.0,0.0,0.0,0.0,0.0,0.0,0.0,0.0,0.0,0.0,0.0,6.0,0.0,0.0,0.0,0.0,6.828282828282828,0.0,0.0,0.0,0.0,0.0,0.0,0.0,0.0,0.0,0.0,0.0,0.0,0.0,6.91919191919192,0.0,0.0,0.0,0.0,0.0,0.0,0.0,0.0,0.0,0.0,0.0,0.0,0.0,0.0,0.0,0.0,7.898989898989899,0.0,0.0,0.0,0.0,0.0,0.0,0.0,8.343434343434344,0.0,0.0,0.0,0.0,0.0,0.0,0.0,0.0,0.0,0.0,0.0,0.0,0.0,5.444444444444444,0.0,0.0,6.474747474747474,0.0,0.0,0.0,0.0,0.0,0.0,0.0,0.0,0.0,0.0,0.0,0.0,0.0,0.0,0.0,0.0,0.0,0.0,0.0,0.0,0.0,0.0,0.0,0.0,0.0,0.0,0.0,0.0,0.0,0.0,0.0,0.0,0.0,0.0,0.0,0.0,0.0,6.9393939393939394,0.0,7.2020202020202015,7.383838383838384,0.0,0.0,0.0,0.0,6.666666666666666,0.0,0.0,7.383838383838384,7.97979797979798,7.161616161616161,6.97979797979798,6.171717171717171,6.606060606060606,6.111111111111112,5.555555555555555,5.98989898989899,5.494949494949495,8.232323232323232,8.272727272727273,6.121212121212121,8.272727272727273,5.565656565656566,7.575757575757576,5.515151515151516,5.555555555555555,7.848484848484848
0.0,0.0,0.0,0.0,0.0,0.0,0.0,0.0,0.0,0.0,0.0,0.0,0.0,0.0,0.0,0.0,0.0,0.0,0.0,0.0,0.0,0.0,0.0,0.0,0.0,0.0,0.0,0.0,0.0,0.0,0.0,0.0,0.0,0.0,0.0,0.0,0.0,0.0,0.0,0.0,0.0,0.0,0.0,0.0,0.0,0.0,0.0,0.0,0.0,0.0,0.0,0.0,0.0,0.0,0.0,0.0,0.0,5.626262626262626,5.747474747474747,0.0,0.0,0.0,0.0,0.0,0.0,0.0,0.0,0.0,0.0,0.0,0.0,0.0,0.0,0.0,0.0,0.0,0.0,0.0,0.0,0.0,0.0,0.0,0.0,0.0,0.0,0.0,0.0,0.0,0.0,0.0,0.0,0.0,0.0,0.0,0.0,0.0,0.0,0.0,0.0,0.0,0.0,0.0,0.0,0.0,0.0,0.0,0.0,0.0,0.0,0.0,0.0,0.0,0.0,0.0,0.0,0.0,0.0,0.0,0.0,0.0,0.0,0.0,0.0,0.0,0.0,0.0,0.0,0.0,0.0,0.0,0.0,0.0,8.383838383838384,0.0,0.0,0.0,0.0,0.0,0.0,0.0,0.0,0.0,0.0,0.0,0.0,0.0,0.0,0.0,0.0,0.0,0.0,0.0,0.0,0.0,0.0,0.0,0.0,0.0,0.0,0.0,0.0,0.0,0.0,0.0,0.0,0.0,0.0,0.0,0.0,0.0,0.0,0.0,0.0,0.0,0.0,0.0,0.0,0.0,7.242424242424242,0.0,0.0,6.828282828282828,5.808080808080808,7.7979797979797985,5.5858585858585865,8.252525252525253,8.161616161616163,8.262626262626263,6.232323232323233,8.272727272727273,7.222222222222222,5.545454545454546,6.777777777777779,8.03030303030303,7.191919191919192,6.565656565656566,7.535353535353535,5.979797979797979,6.121212121212121,5.555555555555555
0.0,0.0,0.0,0.0,0.0,0.0,0.0,0.0,0.0,0.0,0.0,0.0,0.0,0.0,0.0,0.0,0.0,0.0,0.0,0.0,0.0,0.0,0.0,0.0,0.0,0.0,0.0,0.0,0.0,0.0,0.0,0.0,0.0,0.0,0.0,0.0,0.0,0.0,0.0,0.0,0.0,0.0,0.0,0.0,0.0,0.0,0.0,0.0,0.0,0.0,0.0,0.0,0.0,0.0,0.0,0.0,0.0,0.0,0.0,0.0,0.0,0.0,0.0,0.0,0.0,0.0,0.0,0.0,0.0,0.0,0.0,0.0,0.0,0.0,0.0,0.0,0.0,0.0,0.0,0.0,0.0,0.0,0.0,0.0,0.0,0.0,0.0,0.0,0.0,0.0,0.0,0.0,0.0,0.0,0.0,0.0,0.0,0.0,0.0,0.0,0.0,0.0,0.0,0.0,0.0,0.0,0.0,0.0,0.0,0.0,0.0,0.0,0.0,0.0,0.0,0.0,0.0,0.0,0.0,0.0,0.0,0.0,0.0,0.0,0.0,0.0,0.0,0.0,0.0,0.0,0.0,0.0,0.0,0.0,0.0,0.0,0.0,0.0,0.0,0.0,0.0,0.0,0.0,0.0,0.0,0.0,0.0,0.0,0.0,0.0,0.0,0.0,0.0,0.0,0.0,0.0,0.0,0.0,0.0,0.0,0.0,0.0,0.0,0.0,0.0,0.0,0.0,0.0,0.0,0.0,0.0,0.0,0.0,0.0,0.0,0.0,0.0,0.0,0.0,0.0,0.0,6.484848484848484,8.121212121212121,0.0,6.9393939393939394,0.0,5.555555555555555,6.444444444444445,8.2020202020202,0.0,5.505050505050505,0.0,0.0,5.505050505050505,0.0,6.02020202020202,7.9898989898989905,0.0,8.323232323232324,6.464646464646465
